,Form_Type,Accession_Number,Date_Filed,Transaction_Date,Event_Date,Issuer_CIK,Official_Issuer_Name,Reporting_Owner_CIK,Official_Reporting_Owner_Name,Ticker,Is_Institutional
3241725,F4,0000950103-22-000083,2022-01-03,2021-12-29,,1857951,weber inc.,950103,unknown,WEBR,False
3591814,F4,0001140361-13-004495,2013-02-04,2013-01-31,,929452,knight transportation inc,1140361,edgarfilings ltd,KNX,True
8760054,F4,0000899140-04-001444,2004-12-17,2004-12-09,,1172139,bill barrett corp,899140,willkie farr & gallagher,BBG,False
1487333,F4,0001447387-15-000052,2015-06-29,2015-06-16,,741815,hooper holmes inc,1447387,unknown,HH,False
7185342,F4,0001013594-22-000057,2022-01-20,2022-01-18,,1779474,"wm technology, inc.",1013594,kleinberg kaplan wolff & cohen p c,MAPS,False
1476529,F4,0001043604-21-000054,2021-03-22,2021-03-19,,1395281,martin brian,1043604,juniper networks inc,JNPR,True
2789110,F4,0001206774-15-003342,2015-10-29,2015-10-27,,355379,midwest holding inc.,1206774,unknown,NONE,False
1879072,F4,0000950170-24-057917,2024-05-10,2024-05-08,,1237831,globus medical inc,950170,unknown,X0508,False
7275292,F4,0001209191-13-047279,2013-10-03,2013-10-01,,77476,pepsico inc,1209191,unknown,PEP,False
3400557,F4,0001181431-13-035330,2013-06-17,2013-06-13,,769397,"autodesk, inc.",1181431,unknown,ADSK,False
3675940,F4,0001127602-11-014288,2011-05-02,2011-04-29,,731802,atmos energy corp,1127602,restricted stock systems inc,X0303,True
9777555,F8K,0000914626-06-000026,2006-09-19,,,0,unknown,914626,xcel management inc/ut,,True
3433064,F4,0000947871-22-000654,2022-05-26,2022-05-24,,1565687,"legalapp holdings, inc.",947871,shearman & sterling llp,INTA,False
1016001,F4,0001088342-11-000087,2011-05-20,2011-05-18,,23111,computer task group inc,1088342,radetich peter p,X0303,False
7992093,F4,0001179110-07-018624,2007-09-20,2007-09-18,,934868,proginet corp,1179110,unknown,PRGF,False
5241729,F4,0001181431-06-047603,2006-08-15,,,868725,"rentech, inc.",1181431,unknown,RTK,False
10483005,F8K,0000097745-25-000156,2025-10-29,,,0,unknown,97745,thermo fisher scientific inc.,,True
7733224,F4,0001342584-08-000002,2008-12-23,2008-12-18,,1025707,litigation economics inc,1342584,o grady michael shawn,X0303,False
9167555,F4,0001204046-08-000003,2008-05-05,2008-05-01,,853816,landstar system inc,1204046,henning michael a,LSTR,False
7773219,F4,0001181431-03-008014,2003-05-19,2003-05-14,,912465,quaker city bancorp inc,1181431,unknown,X0101,False
8561270,F4,0001104659-22-091183,2022-08-15,2022-08-11,,1868734,"cincor pharma, inc.",1104659,toppan merrill/fa,CINC,False
8985313,F4,0001065860-10-000025,2010-06-10,2010-06-09,,1340795,parke daniel,1065860,lime energy co.,X0303,True
2896711,F4,0001209191-18-044384,2018-07-30,2018-07-27,,914208,invesco plc/london/,1209191,unknown,IVZ,False
7218288,F4,0001005477-07-005647,2007-10-31,2007-10-30,,1286613,lincoln educational services corp,1005477,unknown,LINC,False
5885628,F4,0000899243-16-012580,2016-02-02,2016-01-29,,1587732,"one gas, inc.",899243,donnelley financial solutions 06/fa,OGS,False
7828483,F4,0001231846-06-000006,2006-11-28,2006-11-27,,1049210,verenium corp,1231846,shonsey edward,DVSA,False
7016446,F4,0001611593-17-000094,2017-03-27,2017-03-23,,732712,verizon communications inc,1611593,unknown,VZ,False
10940161,F8K,0000917435-05-000043,2005-08-19,,,0,unknown,917435,unknown,,False
1405634,F4,0000902664-04-000644,2004-03-10,2004-03-08,,352825,foster l b co,902664,unknown,X0201,False
1985624,F4,0001209191-12-002609,2012-01-06,2012-01-01,,1131324,genomic health inc,1209191,unknown,X0304,False
9611360,F8K,0001193125-24-228650,2024-09-30,,,0,unknown,1193125,unknown,,False
4998205,F4,0000950170-25-089644,2025-06-24,2025-06-20,,1162194,standard biotools inc.,950170,unknown,X0508,False
7889867,F4,0001401521-17-000065,2017-03-17,2017-03-16,,1599671,salmon kimberly,1401521,united insurance holdings corp.,UIHC,True
9638194,F8K,0001498710-16-000248,2016-02-29,,,0,unknown,1498710,"spirit aviation holdings, inc.",,True
7580012,F4,0001225208-10-024305,2010-11-04,2010-11-03,,909111,colonial properties trust,1225208,unknown,X0303,False
1154047,F4,0001127602-24-007545,2024-02-29,2024-02-27,,780571,"itron, inc.",1127602,restricted stock systems inc,X0508,True
1018531,F4,0001209191-11-055218,2011-11-09,2011-11-07,,1524471,"itt dco, inc.",1209191,unknown,X0304,False
3442985,F4,0001127602-12-006668,2012-02-17,2012-02-15,,1062822,"lexicon pharmaceuticals, inc./de",1127602,restricted stock systems inc,X0304,True
10760331,F8K,0001641172-25-020729,2025-07-23,,,0,unknown,1641172,unknown,,False
2624610,F4,0001437749-22-016037,2022-06-27,2022-06-23,,1624322,"business first bancshares, inc.",1437749,unknown,BFST,False
7213224,F4,0001104659-07-013108,2007-02-22,2007-02-20,,1800,abbott laboratories,1104659,toppan merrill/fa,ABT,False
3066159,F4,0001127602-19-007844,2019-02-22,2019-02-20,,702325,first midwest bancorp inc,1127602,restricted stock systems inc,FMBI,True
8722393,F4,0000005513-04-000016,2004-02-24,2004-02-20,,1200300,goldsberry ronald e,5513,unumprovident corp,X0201,True
3221572,F4,0000899243-20-010594,2020-04-09,2020-04-06,,1640428,"everquote, inc.",899243,donnelley financial solutions 06/fa,EVER,False
6204256,F4,0000717306-06-000112,2006-10-05,2006-10-03,,1370553,hoover jewell d,717306,first charter corp /nc/,FCTR,True
1535877,F4,0001213900-23-051497,2023-06-23,2023-06-21,,894871,"themaven, inc.",1213900,unknown,X0407,False
8506091,F4,0001209191-18-034856,2018-06-01,2018-05-30,,1441693,"pro farm group, inc.",1209191,unknown,MBII,False
8687996,F4,0001005477-04-002599,2004-07-08,2004-07-06,,708484,alcide corp,1005477,unknown,ALCD,False
3015141,F4,0001181431-04-057426,2004-12-08,2004-11-16,,1156295,seracare life sciences inc,1181431,unknown,SRLS,False
3725181,F4,0001005477-07-005645,2007-10-31,2007-10-30,,1286613,lincoln educational services corp,1005477,unknown,LINC,False
3640886,F4,0001181431-05-000653,2005-01-04,2004-12-31,,47518,hillenbrand industries inc,1181431,unknown,HB,False
4869560,F4,0001127602-11-019214,2011-06-14,2011-06-10,,91419,smucker j m co,1127602,restricted stock systems inc,X0303,True
7887624,F4,0001209191-04-034183,2004-07-02,2004-07-01,,745308,st joe paper co,1209191,unknown,JOE,False
4959233,F4,0001144204-14-022367,2014-04-14,2014-03-31,,314712,dominion resources inc/de/,1144204,unknown,BMER,False
9060684,F4,0001127602-18-011150,2018-03-12,2018-03-09,,731802,atmos energy corp,1127602,restricted stock systems inc,ATO,True
5858370,F4,0001401708-23-000176,2023-06-27,2023-06-23,,1846140,rollison dana e.,1401708,"ns wind down co., inc.",X0407,True
11653325,F10Q,0001081316-20-000022,2020-08-07,,,0,unknown,1081316,midamerican energy holdings co /new/,,True
11092069,F10K,0001455650-16-000034,2016-03-17,,,0,unknown,1455650,"northstar real estate income trust, inc.",,True
7927169,F4,0000859139-06-000021,2006-02-17,2006-02-15,,742559,rosenkranz & co,859139,"delphi financial group, inc.",DFG,True
11070594,F10K,0001056404-07-001499,2007-04-02,,,0,unknown,1056404,norwest asset sec corp mort ps thr cert ser 1998-1 trust,,True
6186420,F4,0001260568-10-000012,2010-11-05,2006-06-20,,1042017,frmo corp,1260568,goldstein lawrence j,X0303,False
3829858,F4,0001090872-03-000049,2003-11-20,2003-10-31,,1142623,nordlund d craig,1090872,"agilent technologies, inc.",X0201,True
3077654,F4,0000700565-04-000168,2004-10-01,2004-09-30,,1073304,grissom steven l,700565,first-mid illinois bancshares inc,,True
1706145,F4,0001209191-20-001260,2020-01-03,2020-01-02,,1136352,inergy l p,1209191,unknown,CEQP,False
10372875,F8K,0000950170-22-007803,2022-05-05,,,0,unknown,950170,unknown,,False
3459714,F4,0001209191-12-029071,2012-05-17,2012-05-15,,353569,quidel corp /de/,1209191,unknown,X0305,False
6582627,F4,0001127602-20-030087,2020-11-27,2020-11-25,,1364742,"new blackrock, inc.",1127602,restricted stock systems inc,BLK,True
11100310,F10K,0001178924-10-000041,2010-04-15,,,0,unknown,1178924,gruenbaum jerry,,False
8333799,F4,0000950170-25-056123,2025-04-21,2025-04-17,,1737706,seadrill ltd,950170,unknown,X0508,False
8429382,F4,0001209191-09-045265,2009-09-22,2009-09-18,,8177,atlantic american corp,1209191,unknown,X0303,False
10163655,F8K,0000950134-08-009386,2008-05-13,,,0,unknown,950134,unknown,,False
1181901,F4,0001025996-22-000146,2022-05-20,2022-05-19,,1642571,hunt jolie a.,1025996,kilroy realty corp,,True
9844138,F8K,0001888524-23-006672,2023-05-05,,,0,unknown,1888524,unknown,,False
11315735,F10Q,0001193125-13-419974,2013-10-31,,,0,unknown,1193125,unknown,,False
6459713,F4,0001140361-20-024583,2020-11-04,2020-11-02,,1404912,kkr & co. l.p.,1140361,edgarfilings ltd,KKR,True
10879346,F8K,0001091818-09-000246,2009-08-19,,,0,unknown,1091818,unknown,,False
538856,F4,0001445866-17-001558,2017-11-08,2017-10-30,,1396633,summer energy holdings inc,1445866,unknown,SUME,False
4078376,F4,0001001250-07-000038,2007-02-16,2007-02-15,,1113487,hockaday irvine o jr,1001250,estee lauder companies inc,EL,True
1456452,F4,0001047122-06-000159,2006-06-27,2006-06-23,,1199346,stephens jay b,1047122,raytheon co/,RTN,True
10990498,F8K,0001193125-09-206363,2009-10-09,,,0,unknown,1193125,unknown,,False
11106185,F10K,0001056404-05-001277,2005-03-25,,,0,unknown,1056404,norwest asset sec corp mort ps thr cert ser 1998-1 trust,,True
3648915,F4,0001225208-20-013453,2020-11-12,2020-11-09,,1385157,tyco electronics ltd.,1225208,unknown,TEL,False
2440075,F4,0001161697-04-000271,2004-04-01,2004-03-30,,1097718,"unifiedonline, inc.",1161697,unknown,X0201,False
9113290,F4,0001140361-09-000055,2009-01-02,2009-01-01,,1071992,capital bank corp,1140361,edgarfilings ltd,X0303,True
16318,F4,0001065088-12-000118,2012-08-21,2012-08-20,,1434414,marks alan lee,1065088,ebay inc,EBAY,True
6467787,F4,0001011034-17-000154,2017-10-30,2017-10-26,,1515317,magellan gold corp,1011034,unknown,MAGE,False
1206171,F4,0001140361-05-001588,2005-02-23,2005-02-22,,1272957,bristol west holdings inc,1140361,edgarfilings ltd,BRW,True
9847259,F8K,0000886163-05-000010,2005-05-05,,,0,unknown,886163,ligand pharmaceuticals inc,,True
320043,F4,0001181431-13-041164,2013-07-23,,,1302573,oncomed pharmaceuticals inc,1181431,unknown,OMED,False
10054862,F8K,0000921895-05-001167,2005-07-22,,,0,unknown,921895,olshan grundman frome & rosenzweig,,False
5050440,F4,0001209191-05-043582,2005-08-19,2005-08-18,,1006691,qualmark corp,1209191,unknown,QMRK,False
5637380,F4,0001140361-11-047630,2011-10-03,,,1112412,expressions graphics inc,1140361,edgarfilings ltd,X0304,True
10091133,F8K,0001415889-12-001831,2012-12-10,,,0,unknown,1415889,"sec connect, llc",,True
9339049,F8K,0001157523-20-001375,2020-10-29,,,0,unknown,1157523,unknown,,False
11379603,F10Q,0001062993-12-002513,2012-07-20,,,0,unknown,1062993,unknown,,False
1760087,F4,0000950170-25-041911,2025-03-19,2025-03-17,,1652044,alphabet inc.,950170,unknown,X0508,False
2457193,F4,0001209191-22-035446,2022-06-09,2022-06-08,,47217,hp inc,1209191,unknown,HPQ,False
11169228,F10K,0001047469-09-002392,2009-03-10,,,0,unknown,1047469,merrill corp /new/ - fa,,True
413777,F4,0001255295-05-000163,2005-10-21,2005-10-19,,910079,bedford property investors inc/md,1255295,unknown,BED,False
8511123,F4,0001109357-10-000216,2010-10-01,2010-09-30,,1213991,steinour stephen d,1109357,exelon corp,X0303,True
8132417,F4,0001381197-23-000109,2023-10-02,2023-09-28,,1391403,brody paul jonathan,1381197,"interactive brokers group, inc.",X0508,True
7803120,F4,0001140361-10-003430,2010-02-01,,,1158324,"cogent communications holdings, inc.",1140361,edgarfilings ltd,X0303,True
2410382,F4,0001474506-24-000167,2024-06-11,2024-06-10,,1830188,"united homes group, inc.",1474506,unknown,X0508,False
9912046,F8K,0001070081-22-000020,2022-05-27,,,0,unknown,1070081,"ptc therapeutics, inc.",,True
7507793,F4,0001104659-04-007066,2004-03-11,2003-11-18,,942788,neopharm inc,1104659,toppan merrill/fa,X0201,False
2407947,F4,0000899243-17-018425,2017-07-18,2017-07-14,,1103021,mas acquisition xxiii corp,899243,donnelley financial solutions 06/fa,BDSI,False
9834735,F8K,0001331463-12-000161,2012-09-13,,,0,unknown,1331463,federal home loan bank of boston,,False
3032879,F4,0001225208-25-008740,2025-10-27,2025-10-25,,19617,jpmorgan chase & co,1225208,unknown,X0508,False
628565,F4,0001209191-08-039756,2008-07-01,2008-06-30,,917273,rambus inc,1209191,unknown,X0303,False
2325902,F4,0001209191-06-048745,2006-09-05,,,23194,comstock resources inc,1209191,unknown,CRK,False
8760323,F4,0001225208-24-000341,2024-01-04,2024-01-02,,55785,kimberly clark corp,1225208,unknown,X0508,False
8803807,F4,0001209191-06-001732,2006-01-05,2006-01-04,,949039,"diamond offshore drilling, inc.",1209191,unknown,DO,False
5059270,F4,0000792013-04-000045,2004-02-27,2004-02-25,,1036833,browne michael l,792013,harleysville group inc,X0201,True
360273,F4,0001718227-24-000072,2024-10-03,2024-10-01,,1761266,andrews todd keith,1718227,"construction partners, inc.",X0508,True
8998543,F4,0000897069-06-000989,2006-03-31,2006-03-21,,1141240,liquidmetal technologies inc,897069,foley & lardner/ fa,LQMT,False
8832824,F4,0001561290-25-000005,2025-10-08,2025-10-06,,1769628,"coreweave, inc.",1561290,boone karen,X0508,False
7241483,F4,0001370946-11-000087,2011-04-28,2011-04-27,,1516602,christy john william,1370946,owens corning (reorganized) inc.,X0303,True
3675757,F4,0001176553-12-000002,2012-01-05,2012-01-03,,42542,goodrich corp,1176553,egnotovich cynthia m,X0304,False
7258622,F4,0001209191-15-025650,2015-03-12,2015-03-10,,1042783,dot hill systems corp,1209191,unknown,HILL,False
4754493,F4,0001252325-05-000002,2005-01-27,2005-01-25,,922330,regi u s inc,1252325,rainbow network,RGUS,False
1675031,F4,0001140361-12-040203,2012-09-12,,,1129260,"vocera communications, inc.",1140361,edgarfilings ltd,VCRA,True
11280566,F10Q,0000874501-18-000134,2018-11-07,2018-01-01,,0,unknown,874501,octave specialty group inc,,True
3282685,F4,0001241821-09-000001,2009-03-10,2009-03-06,,1019650,unionbancorp inc,1241821,griffith michael a,X0303,False
6090133,F4,0001140361-11-036322,2011-07-11,2011-07-08,,84748,rogers corp,1140361,edgarfilings ltd,X0303,True
5357085,F4,0001209191-17-056534,2017-10-10,2017-10-09,,906709,nektar therapeutics,1209191,unknown,NKTR,False
1096850,F4,0001209191-03-032637,2003-12-01,,,0,unknown,1209191,unknown,,False
11068706,F10K,0000056701-23-000026,2023-08-25,,,0,unknown,56701,koss corp,,True
6412626,F4,0001104659-23-104099,2023-09-27,2023-09-26,,1429260,"fortress biotech, inc.",1104659,toppan merrill/fa,X0508,False
11502995,F10Q,0001104659-23-116324,2023-11-09,,,0,unknown,1104659,toppan merrill/fa,,False
9967089,F8K,0001072588-08-000364,2008-10-20,,,0,unknown,1072588,ball jodie l /fa/,,False
7099936,F4,0000701374-15-000122,2015-08-26,2015-08-24,,1514719,russ leonard a,701374,tierco group inc/de/,SIX,True
8736778,F4,0001209191-13-046542,2013-10-02,2013-10-01,,832428,scripps e w co /de,1209191,unknown,SSP,False
5945027,F4,0001209191-13-033052,2013-06-19,2013-06-17,,751365,virco mfg corporation,1209191,unknown,VIRC,False
8605696,F4,0001181478-05-000002,2005-02-03,2005-02-01,,813672,cadence design systems inc,1181478,mckeithen r l smith,CDN,False
3923381,F4,0001209191-07-049950,2007-08-22,2007-08-20,,876427,"monro, inc.",1209191,unknown,MNRO,False
4025841,F4,0001127602-22-011493,2022-04-05,2022-04-01,,21344,coca cola co,1127602,restricted stock systems inc,KO,True
1463675,F4,0001179110-06-013106,2006-06-09,2006-06-07,,896778,conceptus inc,1179110,unknown,CPTS,False
1574157,F4,0001245105-16-000061,2016-02-17,2016-02-15,,1538990,store capital llc,1245105,unknown,STOR,False
3175308,F4,0001626171-15-000006,2015-09-15,2015-09-11,,30554,"eidp, inc.",1626171,muzyka douglas w.,DD,False
11193984,F10K,0001047469-04-008016,2004-03-15,,,0,unknown,1047469,merrill corp /new/ - fa,,True
4717926,F4,0001020265-05-000037,2005-03-02,2005-02-28,,1021748,ely paul c jr,1020265,sabre holdings corp,TX,True
121024,F4,0000073124-05-000117,2005-10-25,2005-10-21,,1188087,welsh kelly r,73124,northern trust corp,NTRS,True
4223592,F4,0001127602-18-003456,2018-02-01,2018-01-30,,318154,amgen inc,1127602,restricted stock systems inc,AMGN,True
30859,F4,0000899243-15-003978,2015-08-25,2015-08-21,,874214,taylor ann stores corp,899243,donnelley financial solutions 06/fa,ANN,False
1781294,F4,0001562180-20-007076,2020-12-04,2020-12-03,,949870,boston beer co inc,1562180,solium capital inc,SAM,True
2752252,F4,0001308606-18-000065,2018-06-28,2018-06-27,,1548060,shepherd nicholas p,1308606,"spirit realty capital, inc.",SRC,True
9038427,F4,0001127602-18-030704,2018-10-19,,,859163,avx corp /de/,1127602,restricted stock systems inc,AVX,True
8508042,F4,0001116502-07-000334,2007-02-14,2007-02-12,,1107194,centillium communications inc,1116502,unknown,CTLM,False
6634246,F4,0001209191-03-033889,2003-12-05,,,52003,"investment services, inc.",1209191,unknown,,False
10879994,F8K,0001193125-04-111220,2004-06-29,,,0,unknown,1193125,unknown,,False
6068803,F4,0001139812-03-000130,2003-12-08,2003-12-05,,1244439,mccarty william f,1139812,mb midcity inc,X0201,True
3997651,F4,0001214659-25-001461,2025-01-28,2025-01-24,,1617406,park hotels & resorts inc.,1214659,unknown,X0508,False
1150834,F4,0001094093-11-000191,2011-10-05,2011-10-03,,1368703,tollison alfred c jr,1094093,progress energy inc,X0304,True
9622075,F8K,0001282266-15-000017,2015-04-30,,,0,unknown,1282266,"windstream holdings, inc.",,True
5255454,F4,0000900440-25-000071,2025-04-30,2025-04-28,,102729,valmont industries inc,900440,mcgrath north mullin & kratz,X0508,False
6059803,F4,0001209191-09-004889,2009-01-26,2009-01-22,,314606,geokinetics inc,1209191,unknown,X0303,False
4548796,F4,0001181431-07-072762,2007-12-03,2007-11-29,,1289434,"cogent, inc.",1181431,unknown,COGT,False
1404832,F4,0001187070-03-000124,2003-08-04,2003-07-31,,717306,first charter corp /nc/,1187070,alexander harold d,X0201,False
5602276,F4,0001209191-23-012877,2023-02-24,2023-02-23,,1636282,"spyre therapeutics, inc.",1209191,unknown,AGLE,False
6160714,F4,0001209191-19-058912,2019-12-03,2019-12-01,,1671933,"trade desk, inc.",1209191,unknown,TTD,False
6205540,F4,0000906344-07-000596,2007-09-07,2007-07-01,,1073857,lifen inc,906344,howard rice nemerovski canady robertson & falk,CRDT,False
6008196,F4,0001209191-03-007433,2003-06-12,,,0,unknown,1209191,unknown,,False
3213893,F4,0001256526-06-000003,2006-03-03,2006-03-01,,1121484,"oil states international, inc",1256526,scf ii lp,OIS,True
5736295,F4,0000905148-20-000582,2020-05-08,2020-05-06,,1462418,altisource portfolio solutions s.a.r.l.,905148,sidley austin llp /fa/,ASPS,False
5805004,F4,0001140361-13-031551,2013-08-09,2013-08-07,,707388,"star operating companies, inc.",1140361,edgarfilings ltd,DRAD,True
6177954,F4,0001209191-21-071069,2021-12-23,2021-12-22,,1662579,"c4 therapeutics, inc.",1209191,unknown,CCCC,False
8791728,F4,0001236113-04-000190,2004-09-30,,,1029786,nationwide financial services inc/,1236113,unknown,NFS,False
37774,F4,0001209191-19-040707,2019-07-03,2019-06-30,,101984,universal electronics inc,1209191,unknown,UEIC,False
7573446,F4,0001127602-19-017102,2019-05-02,2019-05-01,,8858,avnet inc,1127602,restricted stock systems inc,AVT,True
669281,F4,0001229538-11-000008,2011-11-01,2011-10-28,,1035002,valero refining & marketing co,1229538,ciskowski michael s,X0304,False
2042431,F4,0001426816-13-000004,2013-06-28,2013-06-26,,1001082,echostar communications corp,1426816,carlson w. erik,DISH,False
703915,F4,0001209191-10-005095,2010-01-27,2010-01-25,,906345,camden property trust,1209191,unknown,X0303,False
6527775,F4,0001127602-13-030276,2013-11-04,2013-11-01,,66740,minnesota mining & manufacturing co,1127602,restricted stock systems inc,3M CO,True
10104142,F8K,0001104659-12-076249,2012-11-09,,,0,unknown,1104659,toppan merrill/fa,,False
5181199,F4,0001270941-04-000001,2004-05-24,2004-05-21,,77877,petroleum development corp,1270941,parke david c,PETD,False
8310586,F4,0001053352-12-000048,2012-05-03,2012-05-01,,1222692,polanen humphrey p,1053352,heritage commerce corp,X0305,True
837368,F4,0001180993-07-000001,2007-04-30,2007-04-26,,716643,regis corporation,1180993,nelson gordon b,RGS,False
715942,F4,0001127602-18-036926,2018-12-19,2018-12-17,,1108524,"salesforce.com, inc.",1127602,restricted stock systems inc,CRM,True
10254151,F8K,0000887343-18-000083,2018-04-27,,,0,unknown,887343,"columbia banking system, inc.",,True
6601340,F4,0001325812-06-000047,2006-07-05,2006-07-03,,874663,alkermes inc,1325812,unknown,ALKS,False
318312,F4,0001209191-21-013164,2021-02-23,2021-02-19,,1829802,"sensei biotherapeutics, inc.",1209191,unknown,SNSE,False
9832256,F8K,0001336047-08-000002,2008-02-13,,,0,unknown,1336047,"boardwalk pipeline partners, lp",,True
10893287,F8K,0001193125-25-142059,2025-06-17,2025-06-16,,0,unknown,1193125,unknown,,False
6485457,F4,0001209191-13-001438,2013-01-03,2013-01-02,,731766,unitedhealth group inc,1209191,unknown,UNH,False
6998710,F4,0001192482-18-000256,2018-05-29,2018-05-24,,1267565,"collegium pharmaceutical, inc",1192482,pepper hamilton ilp,COLL,False
4668451,F4,0001723596-25-000333,2025-08-26,2025-08-22,,1752640,schlesinger allyson katz,1723596,"columbia financial, inc.",X0508,True
834767,F4,0000832988-23-000071,2023-03-21,2023-03-17,,1360124,hilson joan m,832988,signet jewelers ltd,X0407,True
9857960,F8K,0000034088-11-000025,2011-07-07,,,0,unknown,34088,exxon mobil corp,,True
7207116,F4,0001181431-05-034562,2005-06-14,,,1263756,provide commerce inc,1181431,unknown,PRVD,False
9943383,F8K,0001051170-03-000432,2003-07-28,,,0,unknown,1051170,unknown,,False
2784750,F4,0001209191-10-019682,2010-04-01,2010-03-31,,824068,ats medical inc,1209191,unknown,X0303,False
5831489,F4,0001628280-25-003494,2025-02-03,2025-01-31,,880266,agco corp /de,1628280,unknown,X0508,False
8107993,F4,0001117297-21-000091,2021-10-27,2021-10-25,,1724842,fieler anna liao,1117297,"quinstreet, inc",QNST,True
11051703,F10K,0000950116-04-000840,2004-03-15,,,0,unknown,950116,unknown,,False
3332929,F4,0001179110-06-011638,2006-05-22,,,1013696,channell commercial corp,1179110,unknown,CHNL,False
7573464,F4,0001181431-04-010772,2004-02-19,2004-02-17,,86144,safeway inc,1181431,unknown,X0201,False
5002735,F4,0000032198-05-000050,2005-06-16,2005-04-21,,1199614,mackay neilson a,32198,ems technologies inc,ELMG,True
2990609,F4,0001254295-18-000007,2018-05-08,2018-05-07,,102212,univest financial corp,1254295,petro thomas m,UVSP,False
11539198,F10Q,0001102624-12-000433,2012-05-15,,,0,unknown,1102624,unknown,,False
11621950,F10Q,0000950136-04-002381,2004-07-30,,,0,unknown,950136,unknown,,False
11648839,F10Q,0001144204-09-036954,2009-07-13,,,0,unknown,1144204,unknown,,False
6052591,F4,0001209191-10-040284,2010-07-30,2010-07-23,,895421,morgan stanley dean witter discover & co,1209191,unknown,X0303,False
3429167,F4,0001562180-20-001697,2020-02-25,2020-02-21,,46195,pacific century financial corp,1562180,solium capital inc,BOH,True
7936173,F4,0001209191-05-004662,2005-01-25,2005-01-24,,34151,jo-ann stores inc,1209191,unknown,JAS,False
7717077,F4,0000717306-05-000097,2005-11-03,2005-11-01,,1187073,burt james e iii,717306,first charter corp /nc/,FCTR,True
11648043,F10Q,0000931731-10-000064,2010-05-14,,,0,unknown,931731,unknown,,False
10799943,F8K,0001493152-25-014281,2025-09-19,2025-09-16,,0,unknown,1493152,unknown,,False
6400400,F4,0000895813-17-000045,2017-07-06,2017-07-03,,1062613,mjd communications inc,895813,schiff hardin llp,FRP,False
3473465,F4,0001665918-20-000031,2020-03-24,2020-03-23,,1464051,coleman kristin m.,1665918,us foods holding corp.,USFD,True
10793114,F8K,0001492832-13-000016,2013-03-15,,,0,unknown,1492832,equal energy ltd.,,True
4053955,F4,0001179110-06-017509,2006-08-24,2006-08-22,,216324,image entertainment inc,1179110,unknown,DISK,False
8807591,F4,0001179110-13-016832,2013-11-20,2013-11-19,,1053706,"cra international, inc.",1179110,unknown,CRAI,False
10372345,F8K,0001438133-23-000066,2023-05-03,,,0,unknown,1438133,tandem diabetes care inc,,True
9165539,F4,0001127602-21-010923,2021-03-17,2021-03-16,,1025835,enterprise financial services corp,1127602,restricted stock systems inc,EFSC,True
7202762,F4,0001144204-15-045841,2015-08-03,2015-07-30,,1579252,quinpario acquisition corp.,1144204,unknown,JASN,False
1173451,F4,0001226579-13-000105,2013-12-11,2013-12-09,,29644,donaldson co inc,1226579,linnell norman c,DCI,False
1981708,F4,0000902664-07-000258,2007-02-02,2007-01-31,,883981,quantum restaurants group inc,902664,unknown,MRT,False
6465957,F4,0001236031-20-000007,2020-02-27,2020-02-26,,725363,cel sci corp,1236031,de clara maximilian,CVM,False
8806827,F4,0001181431-06-007660,2006-02-02,2006-01-31,,31791,"revvity, inc.",1181431,unknown,PKI,False
3344359,F4,0001209191-12-052748,2012-11-13,2012-11-09,,1403475,bank of marin bancorp,1209191,unknown,BMRC,False
6331383,F4,0001127602-16-043336,2016-02-25,2016-02-24,,1100682,"charles river laboratories international, inc.",1127602,restricted stock systems inc,CRL,True
4399391,F4,0001047862-06-000031,2006-01-27,2006-01-26,,1232649,hernandez sally,1047862,consolidated edison inc,ED,True
2315139,F4,0001251758-03-000002,2003-12-12,2003-12-11,,771266,kopin corp,1251758,choi hong k,X0201,False
6786897,F4,0001127602-15-001206,2015-01-06,2015-01-02,,1373835,spectra energy corp.,1127602,restricted stock systems inc,SE,True
808232,F4,0001209932-04-000001,2004-01-06,,,70145,national fuel gas co,1209932,deforest walter e,X0201,False
10941212,F8K,0001736946-20-000003,2020-02-24,,,0,unknown,1736946,"arlo technologies, inc.",,True
10315812,F8K,0001144204-09-018360,2009-04-01,,,0,unknown,1144204,unknown,,False
4727512,F4,0001181431-14-016485,2014-04-17,2014-04-15,,86144,safeway inc,1181431,unknown,SWY,False
2379888,F4,0001225208-22-008899,2022-07-22,2022-07-20,,107140,"wiley john & sons, inc.",1225208,unknown,NJ,False
8057889,F4,0001413160-15-000076,2015-11-12,2015-11-10,,1001426,pericom semiconductor corp,1413160,unknown,PSEM,False
7422897,F4,0001518621-20-000062,2020-07-31,2020-07-29,,1726294,morabito paula,1518621,"orchid island capital, inc.",ORC,True
1989608,F4,0001209191-08-029473,2008-05-13,2008-05-12,,933974,brooks-pri automation inc,1209191,unknown,BRKS,False
6593572,F4,0001457612-19-000068,2019-05-09,2019-05-08,,1755145,singh narinderjeet,1457612,"genocea biosciences, inc.",GNCA,True
9561322,F8K,0001014473-22-000022,2022-07-28,,,0,unknown,1014473,verisign inc/ca,,True
5843459,F4,0001171843-18-007583,2018-11-05,2018-11-02,,879635,mid penn bancorp inc,1171843,unknown,MPB,False
2962884,F4,0001247524-05-000312,2005-10-05,2005-10-03,,1169445,"trubridge, inc.",1247524,unknown,CPSI,False
4006590,F4,0001104659-12-010594,2012-02-16,2012-02-14,,834162,winners entertainment inc,1104659,toppan merrill/fa,X0304,False
4600074,F4,0001209191-21-025180,2021-04-05,2021-04-01,,1390777,bank of new york mellon corp,1209191,unknown,BK,False
592604,F4,0001179110-14-012441,2014-08-05,2014-05-22,,1130598,"traws pharma, inc.",1179110,unknown,ONTX,False
2539754,F4,0001225208-15-017215,2015-08-18,2015-08-15,,70858,nationsbank corp,1225208,unknown,BAC,False
5279130,F4,0001209191-16-151959,2016-11-23,2016-11-22,,1459200,"alarm.com holdings, inc.",1209191,unknown,ALRM,False
3800943,F4,0001493152-25-010773,2025-03-18,2025-03-14,,913241,"steven madden, ltd.",1493152,unknown,X0508,False
7267112,F4,0001181431-11-011230,2011-02-17,2011-02-15,,1117106,netsuite inc,1181431,unknown,X0303,False
7146391,F4,0001209191-18-023290,2018-04-03,2018-04-02,,1405073,approach resources inc,1209191,unknown,AREX,False
3214757,F4,0000928054-19-000087,2019-08-30,2019-08-29,,1173236,chisholm john,928054,flotek industries inc/cn/,FTK,True
9729350,F8K,0001104659-08-044643,2008-07-09,,,0,unknown,1104659,toppan merrill/fa,,False
10004093,F8K,0001391609-11-000442,2011-09-15,,,0,unknown,1391609,unknown,,False
6896724,F4,0001200952-03-000659,2003-08-06,,,896262,amedisys inc,1200952,unknown,X0201,False
2545659,F4,0001234878-11-000047,2011-07-21,2011-07-19,,1024795,sun hydraulics inc,1234878,koski christine l,X0303,False
1948670,F4,0000897101-09-000399,2009-03-02,2009-02-27,,107687,winnebago industries inc,897101,unknown,X0303,False
858817,F4,0001140361-05-000783,2005-02-01,2005-01-31,,77776,phh corp,1140361,edgarfilings ltd,PHH,True
4033844,F4,0001127602-10-031447,2010-12-22,2010-12-20,,866873,del monte foods co,1127602,restricted stock systems inc,X0303,True
6788579,F4,0001225208-17-015384,2017-09-28,2017-09-26,,866787,autozone inc,1225208,unknown,AZO,False
8647325,F4,0001031235-24-000011,2024-06-03,2024-05-30,,1127962,burke russell e iii,1031235,"self storage group, inc.",X0508,True
7958405,F4,0001209191-04-018460,2004-04-01,2004-03-31,,941604,outwerwall inc,1209191,unknown,X0201,False
9044576,F4,0001415889-25-021494,2025-08-12,2025-06-10,,1006281,"protalix biotherapeutics, inc.",1415889,"sec connect, llc",X0508,True
9362542,F8K,0001534424-17-000397,2017-10-03,,,0,unknown,1534424,unknown,,False
10212425,F8K,0000899689-17-000065,2017-11-13,,,0,unknown,899689,vornado realty trust,,True
11573880,F10Q,0001477932-22-003139,2022-05-10,,,0,unknown,1477932,unknown,,False
9076942,F4,0000950142-14-000844,2014-04-08,2014-04-07,,72573,movado group inc,950142,unknown,MOV,False
8042123,F4,0001209191-19-000305,2019-01-02,2018-12-28,,880807,american superconductor corp /de/,1209191,unknown,AMSC,False
8514591,F4,0001325670-12-000020,2012-06-01,2012-05-30,,1376609,call neil j,1325670,southern national bancorp of virginia inc,X0305,True
2207977,F4,0000893467-04-000049,2004-12-08,,,1238861,fewel randall l,893467,northwest bancorporation inc,,True
8201941,F4,0001736297-25-000117,2025-08-20,2025-08-18,,1998179,gajendra sanjay,1736297,"astera labs, inc.",X0508,True
6240574,F4,0000913760-22-000050,2022-03-07,2022-03-04,,1531352,thamodaran dhamu r.,913760,stonex group inc.,SNEX,True
1191656,F4,0001179110-12-018235,2012-12-26,2012-12-21,,1357231,"solera national bancorp, inc.",1179110,unknown,CO,False
11457112,F10Q,0001019687-09-004092,2009-11-13,,,0,unknown,1019687,unknown,,False
1882166,F4,0001096385-05-000138,2005-10-04,2005-10-03,,1051634,koch robert l ii,1096385,vectren corp,VEC,True
7652668,F4,0001026018-05-000132,2005-11-18,2005-11-17,,870228,synergy brands inc,1026018,perry randall j esq.,SYBR,False
10895025,F8K,0001193125-11-170905,2011-06-22,,,0,unknown,1193125,unknown,,False
5523432,F4,0000813920-12-000002,2012-01-10,2012-01-09,,1204777,morris tim t,813920,showbiz pizza time inc,X0304,True
8882230,F4,0001520006-15-000078,2015-05-04,2015-04-30,,1571699,london ryan c,1520006,matador resources co,MTDR,True
5657935,F4,0001214659-25-010004,2025-07-02,2025-06-30,,59558,lincoln national corp et al,1214659,unknown,X0508,False
5584761,F4,0001340122-19-000058,2019-05-09,2019-05-07,,1669531,mawer stephen p,1340122,"calumet specialty products partners, l.p.",CLMT,True
2782379,F4,0000936528-24-000155,2024-11-14,2024-11-12,,1200836,beardall brent j,936528,washington federal inc,X0508,True
7125643,F4,0000008818-03-000004,2003-07-02,2003-06-30,,1197571,kresa kent,8818,avery dennison corporation,X0101,True
3834979,F4,0001284409-06-000014,2006-03-17,2006-03-15,,1015859,boykin lodging trust inc,1284409,unknown,BOY,False
5851139,F4,0001179110-15-004467,2015-03-06,2015-03-04,,916085,health systems international inc,1179110,unknown,HNT,False
5975226,F4,0001127602-13-019376,2013-06-04,2013-06-03,,1096385,vectren corp,1127602,restricted stock systems inc,VVC,True
9544875,F8K,0000353020-17-000060,2017-09-11,,,0,unknown,353020,insituform technologies inc,,True
11529817,F10Q,0000721994-13-000018,2013-05-10,,,0,unknown,721994,lakeland financial corp,,True
4650330,F4,0001209191-14-002116,2014-01-07,2014-01-03,,100591,puroflow inc,1209191,unknown,AGX,False
9213995,F8K,0001144204-16-135684,2016-11-21,,,0,unknown,1144204,unknown,,False
8565709,F4,0001140361-16-061859,2016-04-22,2016-04-20,,1096325,intersil holding co,1140361,edgarfilings ltd,ISIL,True
3558795,F4,0001144204-06-029706,2006-07-26,2006-07-24,,890285,vfinance inc,1144204,unknown,,False
8738620,F4,0001203311-21-000061,2021-08-18,2021-08-16,,1060736,seattle genetics inc /wa,1203311,unknown,SGEN,False
4719547,F4,0001062993-22-014795,2022-06-13,2022-06-09,,1822993,jackson financial inc.,1062993,unknown,JXN,False
378307,F4,0001225208-20-000372,2020-01-03,2020-01-01,,1324424,"expedia, inc.",1225208,unknown,EXPE,False
9593209,F8K,0000893220-03-001565,2003-09-11,,,0,unknown,893220,unknown,,False
7149601,F4,0000078003-07-000233,2007-09-17,2007-09-14,,1174477,cornwell w don,78003,pfizer inc,PFE,True
6978825,F4,0001096906-21-000137,2021-01-25,2021-01-21,,1360442,ultra sun corp,1096906,unknown,CBDS,False
7990664,F4,0001127602-11-005271,2011-02-14,2011-02-10,,1467858,general motors co,1127602,restricted stock systems inc,X0303,True
5127223,F4,0001362118-08-000077,2008-11-13,2008-11-11,,882873,urologix inc,1362118,unknown,X0303,False
417094,F4,0000899243-16-023483,2016-06-23,2016-06-22,,1636222,wingstop inc.,899243,donnelley financial solutions 06/fa,WING,False
1623286,F4,0000897101-05-002003,2005-09-08,,,1177070,mountain national bancshares inc,897101,unknown,MNBT,False
8344090,F4,0001209191-10-000978,2010-01-05,2009-12-31,,1031203,group 1 automotive inc,1209191,unknown,X0303,False
5258132,F4,0001209191-14-032277,2014-05-08,2014-05-07,,1034670,autoliv inc,1209191,unknown,ALV,False
4941551,F4,0001225208-23-000320,2023-01-04,2023-01-03,,55785,kimberly clark corp,1225208,unknown,KMB,False
8592783,F4,0001247524-17-000090,2017-06-27,2017-06-26,,1169445,"trubridge, inc.",1247524,unknown,CPSI,False
8789369,F4,0001127602-14-025914,2014-08-19,2014-08-18,,799729,parexel international corp,1127602,restricted stock systems inc,PRXL,True
514292,F4,0001225208-06-003629,2006-07-21,2006-07-20,,716006,yrc worldwide inc.,1225208,unknown,YRCW,False
9137940,F4,0001104659-13-084217,2013-11-13,2013-11-12,,1503802,karyopharm therapeutics inc.,1104659,toppan merrill/fa,KPTI,False
8952270,F4,0001217211-03-000119,2003-07-01,2003-06-30,,12659,h&r block inc,1217211,unknown,X0101,False
1916939,F4,0001474064-12-000029,2012-02-09,2012-02-07,,890465,nps pharmaceuticals inc,1474064,stratemeier ed,X0304,False
2886826,F4,0001176488-06-000004,2006-11-13,2006-11-08,,85535,royal gold inc /de/,1176488,howell s oden jr,RGLD,False
3003054,F4,0001181431-13-032276,2013-06-04,2013-06-01,,43350,gas natural inc.,1181431,unknown,EGAS,False
3069868,F4,0001181431-09-019768,2009-04-10,2009-04-08,,1362004,"icf international, inc.",1181431,unknown,X0303,False
6505392,F4,0001471727-22-000082,2022-11-04,2022-11-02,,1417326,conacher lionel f.,1471727,"srx health solutions, inc.",BTTR,True
9114985,F4,0001127602-12-012242,2012-03-30,2012-03-28,,883569,fossil incorporated,1127602,restricted stock systems inc,X0305,True
6735997,F4,0000713095-08-000006,2008-03-13,2008-03-11,,1237358,busseni g anthony,713095,farmers capital bank corp,FFKT,True
9189531,F4,0001246360-18-000322,2018-01-24,2018-01-22,,1318084,"core-mark holding company, llc",1246360,morse elizabeth myers,CORE,False
9508433,F8K,0000350797-15-000030,2015-11-25,,,0,unknown,350797,"mirror merger sub 2, llc",,True
5956142,F4,0001240679-20-000035,2020-03-03,2020-03-02,,914156,ufp technologies inc,1240679,lataille ronald j,UFPT,False
9527957,F8K,0001144204-10-048966,2010-09-13,,,0,unknown,1144204,unknown,,False
4775360,F4,0001209191-21-044063,2021-06-30,2021-06-28,,1812364,"relay therapeutics, inc.",1209191,unknown,RLAY,False
7121379,F4,0001415889-21-005355,2021-11-22,2021-11-17,,1682639,"hyperion defi, inc.",1415889,"sec connect, llc",EYEN,True
8914434,F4,0001628280-17-006244,2017-06-06,2017-06-02,,835011,midwest grain products inc,1628280,unknown,MGPI,False
5255508,F4,0001708138-21-000014,2021-02-02,2021-02-01,,872589,"regeneron pharmaceuticals, inc.",1708138,unknown,REGN,False
6776398,F4,0000939057-11-000277,2011-08-18,2011-08-17,,946673,first washington bancorp inc /wa/,939057,unknown,X0304,False
4066132,F4,0001209191-16-134357,2016-07-29,2016-07-27,,1656239,"pnk entertainment, inc.",1209191,unknown,PNK,False
9492764,F8K,0000828916-19-000061,2019-11-12,2019-11-11,,0,unknown,828916,weingarten realty investors /tx/,,False
1798991,F4,0001209191-12-035776,2012-06-29,2012-06-28,,1430259,carey watermark investors inc,1209191,unknown,X0305,False
5633371,F4,0001144204-18-007044,2018-02-09,2017-12-31,,910329,medifast inc,1144204,unknown,MED,False
5841664,F4,0000950170-24-001266,2024-01-03,2023-12-29,,1045609,"prologis, inc.",950170,unknown,X0508,False
3834410,F4,0001209191-13-026921,2013-05-16,2013-05-14,,1430592,"financial engines, llc",1209191,unknown,FNGN,False
3794430,F4,0001209191-23-038876,2023-06-21,2023-06-16,,1835632,"marvell technology, inc.",1209191,unknown,X0407,False
344983,F4,0000950117-03-001516,2003-04-16,,,0,unknown,950117,unknown,,False
375543,F4,0001209191-12-031538,2012-06-01,,,1059763,adams golf inc,1209191,unknown,X0305,False
3007993,F4,0001091667-06-000099,2006-03-01,2006-02-27,,1325502,ramsey lynne f,1091667,"charter communications, inc. /mo/",CHTR,True
4023414,F4,0000886346-19-000083,2019-05-17,2019-05-16,,1507372,tully william p,886346,thermo fibertek inc,KAI,True
8340374,F4,0001266824-24-000046,2024-06-17,2024-06-15,,106040,western digital corp,1266824,unknown,X0508,False
11553796,F10Q,0000922864-18-000037,2018-08-07,,,0,unknown,922864,apartment investment & management co,,True
780664,F4,0000708821-25-000031,2025-03-07,2025-03-05,,1738659,singh savneet,708821,par technology corp,X0508,True
5924931,F4,0001123292-15-000166,2015-01-16,2015-01-14,,1175505,"five prime therapeutics, inc.",1123292,hogan lovells us llp,FPRX,False
4995412,F4,0001174322-10-000004,2010-01-19,2010-01-14,,77281,pennsylvania real estate investment trust,1174322,rubin ronald,X0303,False
8617205,F4,0001209191-09-056278,2009-12-09,2009-12-07,,878522,stewart enterprises inc,1209191,unknown,X0303,False
1290983,F4,0001225208-15-007325,2015-03-10,2015-03-06,,51548,international speedway corp,1225208,unknown,FL,False
6607199,F4,0001209191-14-018839,2014-03-10,2014-03-06,,85408,rowan companies plc,1209191,unknown,RDC,False
2666858,F4,0001127602-20-011949,2020-03-26,2020-03-25,,1673358,"yum! china holding, inc.",1127602,restricted stock systems inc,YUMC,True
4145542,F4,0001197176-08-000001,2008-01-18,2008-01-16,,896622,"aptargroup, inc.",1197176,meshberg emil,ATR,False
4809791,F4,0000071691-24-000150,2024-10-28,2024-10-24,,1497570,glaser rachel c,71691,new york times co,X0508,True
8458504,F4,0000946275-06-000601,2006-08-02,2006-07-31,,1017793,sun bancorp inc /nj/,946275,unknown,SNBC,False
8159301,F4,0001225208-09-000041,2009-01-02,2009-01-01,,866787,autozone inc,1225208,unknown,X0303,False
7775642,F4,0001189784-07-000021,2007-02-26,2007-02-23,,935930,coastal financial corp /de,1189784,rexroad jerry l,CFCP,False
4417494,F4,0001871559-25-000006,2025-05-15,2025-05-14,,1820302,vpc impact acquisition holdings,1871559,d'annunzio marc,X0508,False
7193585,F4,0001562180-20-003480,2020-05-08,2020-05-01,,949870,boston beer co inc,1562180,solium capital inc,SAM,True
6035851,F4,0001950787-25-000026,2025-08-08,2025-08-07,,316709,schwab charles corp,1950787,schwab-pomerantz carolyn,X0508,False
3042984,F4,0000927089-18-000222,2018-05-11,2018-05-09,,1391933,"quaint oak bancorp, inc.",927089,unknown,QNTO,False
1468445,F4,0001310077-07-000327,2007-12-05,2007-12-04,,746598,brady w h co,1310077,bolens barbara,BRC,False
957688,F4,0001127602-21-013050,2021-04-05,2021-04-01,,1760965,"kontoor brands, inc.",1127602,restricted stock systems inc,KTB,True
10487362,F8K,0000905148-04-004650,2004-10-28,,,0,unknown,905148,sidley austin llp /fa/,,False
6408521,F4,0001042167-15-000025,2015-02-13,2015-02-12,,788329,johnson worldwide associates inc,1042167,unknown,JOUT,False
7001422,F4,0001690820-20-000127,2020-05-05,2020-05-01,,1700538,gill daniel j.,1690820,carvana co.,CVNA,True
7762967,F4,0001250478-05-000001,2005-05-20,2005-05-17,,731657,spire corp,1250478,hogan stephen j,SPIR,False
6582661,F4,0001209191-17-041828,2017-06-26,2017-06-22,,1383701,histogen inc.,1209191,unknown,CNAT,False
1657864,F4,0001398344-22-019686,2022-10-03,2022-09-30,,1892443,bluerock high income institutional credit fund,1398344,unknown,IIMWX,False
506451,F4,0001209191-24-000976,2024-01-05,2024-01-04,,1524358,marriott vacations worldwide corp,1209191,unknown,X0508,False
2713055,F4,0001062993-24-003540,2024-02-20,2024-02-15,,906553,boyd gaming corp,1062993,unknown,X0508,False
7075316,F4,0001209191-08-059480,2008-11-07,2008-11-06,,811669,ust inc,1209191,unknown,X0303,False
632086,F4,0001181431-11-003614,2011-01-13,2011-01-11,,1167294,meru networks inc,1181431,unknown,X0303,False
1290366,F4,0001140361-12-031155,2012-06-25,2012-06-21,,1368622,aerovironment inc,1140361,edgarfilings ltd,X0305,True
10425758,F8K,0001045014-11-000021,2011-03-29,,,0,unknown,1045014,gametech international inc,,True
237040,F4,0000905357-10-000023,2010-10-01,,,109757,commerce group corp /wi/,905357,skeen robert c,X0303,False
3431710,F4,0001628280-23-003951,2023-02-16,2023-02-15,,765880,"healthpeak properties, inc.",1628280,unknown,PEAK,False
83632,F4,0001225208-11-009337,2011-03-09,2011-03-08,,1065059,usec inc,1225208,unknown,X0303,False
9273739,F8K,0001666700-25-000050,2025-09-03,,,0,unknown,1666700,"dupont de nemours, inc.",,True
3572096,F4,0001444838-09-000043,2009-09-16,2009-09-14,,910108,lxp industrial trust,1444838,bonventre joseph,X0303,False
964124,F4,0001209191-04-025948,2004-05-17,2004-05-13,,877463,van kampen municipal trust,1209191,unknown,VKQ,False
8094535,F4,0001485532-13-000010,2013-02-20,2013-02-15,,832101,idex corp /de/,1485532,silvernail andrew k,IEX,False
5550734,F4,0000077159-08-000056,2008-11-17,2008-11-15,,1348065,van marcke de lummen philippe,77159,ranger oil corp,X0303,True
7203415,F4,0001179110-19-005896,2019-05-10,2019-05-08,,97134,tennant co,1179110,unknown,TNC,False
11317437,F10Q,0001628280-19-006227,2019-05-08,,,0,unknown,1628280,unknown,,False
2249743,F4,0000919574-05-000139,2005-01-24,2005-01-03,,1000623,schweitzer mauduit international inc,919574,seward & kissel llp,SWM,False
3284473,F4,0001225208-04-001375,2004-08-20,2004-08-19,,1022080,midway games inc,1225208,unknown,MWY,False
3890828,F4,0001242648-10-000001,2010-01-06,2010-01-05,,1000180,sandisk corp,1242648,unknown,X0303,False
2592341,F4,0001106151-06-000006,2006-03-03,2006-02-27,,1109153,zkid network co,1106151,darmstadter jon a,ZKID,False
2252109,F4,0001181431-10-014072,2010-03-04,2010-03-02,,735993,bakbone software inc,1181431,unknown,X0303,False
5990597,F4,0001062993-22-018119,2022-08-16,2022-08-12,,68505,"motorola solutions, inc.",1062993,unknown,MSI,False
11632247,F10Q,0001214659-15-003560,2015-05-04,,,0,unknown,1214659,unknown,,False
3096052,F4,0001225208-24-010772,2024-12-13,2024-12-12,,1379785,triangle capital corp,1225208,unknown,X0508,False
4285324,F4,0001127602-15-032139,2015-11-20,,,354190,gallagher arthur j & co,1127602,restricted stock systems inc,AJG,True
7033875,F4,0001005229-23-000282,2023-11-21,2023-11-20,,1527862,rustowicz gregory p,1005229,columbus mckinnon corp,X0508,True
8029646,F4,0000834105-06-000031,2006-01-23,2006-01-18,,1234171,locke robert w iii,834105,columbia bancorp,CBMD,True
5568910,F4,0000949265-07-000024,2007-01-04,2007-01-02,,919012,american eagle outfitters inc,949265,unknown,AEOS,False
8667955,F4,0001787297-22-000006,2022-02-14,2022-02-10,,1873385,toernsen monika maria,1787297,"passage bio, inc.",PASG,True
5881083,F4,0001209191-09-027250,2009-05-18,2009-05-15,,1396838,dolan media co,1209191,unknown,X0303,False
4643249,F4,0001144204-07-005533,2007-02-06,2007-02-01,,1145061,zen pottery equipment inc,1144204,unknown,XNL,False
1450132,F4,0001493225-17-000040,2017-06-07,2017-06-06,,1409457,scura patrick e jr,1493225,"northfield bancorp, inc.",NFBK,True
2822059,F4,0000801898-08-000060,2008-03-06,2008-03-04,,1142661,loynd richard b,801898,joy global inc,JOYG,True
11436655,F10Q,0000810663-11-000012,2011-02-14,,,0,unknown,810663,boston financial qualified housing ltd partnership,,True
7928600,F4,0000075252-10-000071,2010-05-26,2010-05-25,,1223762,fogg richard e,75252,owens & minor inc/va/,X0303,True
2177215,F4,0001480248-14-000139,2014-07-07,2014-07-02,,1394954,"gt solar international, inc.",1480248,unknown,GTAT,False
8042036,F4,0001181431-07-034793,2007-05-23,,,948846,valujet inc,1181431,unknown,AAI,False
4919458,F4,0001628280-25-041594,2025-09-03,2025-08-29,,1820953,"affirm holdings, inc.",1628280,unknown,X0508,False
4197987,F4,0001209191-22-005503,2022-01-28,2022-01-26,,1290149,"sierra oncology, inc.",1209191,unknown,SRRA,False
8820539,F4,0001003113-06-000033,2006-02-15,2006-02-13,,1234058,mcconnell harden m,1003113,molecular devices corp,MDCC,True
3198448,F4,0001140361-15-021111,2015-05-20,2015-05-19,,62234,marcus corp,1140361,edgarfilings ltd,MCS,True
7308313,F4,0001140361-17-030141,2017-08-03,2017-08-01,,1610950,"syneos health, inc.",1140361,edgarfilings ltd,INCR,True
7330914,F4,0000080661-12-000075,2012-04-24,2012-04-20,,1396061,burgdoerfer stuart b,80661,progressive corp/oh/,X0305,True
3963461,F4,0000354963-23-000021,2023-06-01,,,1914490,barnes victor christopher,354963,shenandoah telecommunications co/va/,X0407,True
10343191,F8K,0001193125-08-168464,2008-08-06,,,0,unknown,1193125,unknown,,False
3821611,F4,0001127602-19-016508,2019-04-29,2019-04-25,,822416,pultegroup inc/mi/,1127602,restricted stock systems inc,PHM,True
1004103,F4,0001181431-08-013984,2008-02-27,2008-02-26,,1019883,appalachian bancshares inc,1181431,unknown,APAB,False
1235543,F4,0001209191-17-015342,2017-02-28,2017-02-14,,879169,incyte pharmaceuticals inc,1209191,unknown,INCY,False
202816,F4,0001209191-23-022443,2023-04-03,2023-04-01,,1543916,"forgerock, inc.",1209191,unknown,X0407,False
6867542,F4,0000950170-24-025309,2024-03-04,2024-02-28,,1124804,veradigm inc.,950170,unknown,X0508,False
1390240,F4,0001127602-13-009677,2013-03-06,2013-03-04,,14707,caleres inc,1127602,restricted stock systems inc,BWS,True
6390642,F4,0001181431-14-023780,2014-06-12,2014-06-10,,913165,exactech inc,1181431,unknown,EXAC,False
11566152,F10Q,0000950137-03-004344,2003-08-14,,,0,unknown,950137,unknown,,False
562151,F4,0001111367-04-000003,2004-11-18,2004-11-17,,893739,harris & harris group inc /ny/,1111367,bauman phillip a,TINY,False
4913881,F4,0001225208-14-007184,2014-03-04,2014-02-28,,51548,international speedway corp,1225208,unknown,FL,False
313945,F4,0001562180-18-004436,2018-11-06,2018-11-02,,844965,tetra technologies inc,1562180,solium capital inc,TTI,True
1139239,F4,0001140361-11-018948,2011-03-28,2011-03-24,,1279363,"wellcare health plans, inc.",1140361,edgarfilings ltd,X0303,True
9936296,F8K,0001013762-06-001958,2006-09-25,,,0,unknown,1013762,unknown,,False
10403747,F8K,0001104659-11-029971,2011-05-18,,,0,unknown,1104659,toppan merrill/fa,,False
1541566,F4,0001209191-23-003917,2023-01-18,2023-01-15,,1013488,chicago pizza & brewery inc,1209191,unknown,BJRI,False
8488725,F4,0000878560-17-000137,2017-10-03,2017-10-02,,1297494,nicholson larry t,878560,standard pacific corp /de/,CAA,True
6155684,F4,0001209191-05-021699,2005-04-21,2005-04-18,,944148,republic environmental systems inc,1209191,unknown,CBIZ,False
3910596,F4,0001225208-21-013972,2021-11-19,2021-11-18,,1116132,"tapestry, inc.",1225208,unknown,TPR,False
7391291,F4,0001005477-05-003655,2005-10-19,2005-10-17,,1331745,"tal international group, inc.",1005477,unknown,TAL,False
958262,F4,0001177103-05-000170,2005-08-02,2005-08-01,,922621,erie indemnity co,1177103,unknown,ERIE,False
9555081,F8K,0001144204-09-018221,2009-04-01,,,0,unknown,1144204,unknown,,False
2340134,F4,0001205233-20-000006,2020-01-21,2020-01-17,,804328,qualcomm inc/de,1205233,unknown,QCOM,False
3144057,F4,0001249323-11-000085,2011-12-16,2011-12-13,,1002047,network appliance inc,1249323,unknown,X0304,False
8042367,F4,0001530950-23-000014,2023-01-03,2022-12-30,,1718508,harshman ellen f,1530950,"post holdings, inc.",POST,True
3000851,F4,0001127602-09-018693,2009-09-11,2009-09-09,,799729,parexel international corp,1127602,restricted stock systems inc,X0303,True
10951119,F8K,0000003153-17-000014,2017-04-28,,,0,unknown,3153,alabama power co,,True
7213852,F4,0000906163-06-000046,2006-12-06,2006-12-05,,1122670,preiser david a,906163,nvr inc,NVR,True
5832111,F4,0001144204-15-012890,2015-02-27,2015-02-25,,1052752,getty realty holding corp,1144204,unknown,GTY,False
6337856,F4,0001207006-07-000009,2007-02-20,2007-02-16,,941548,cooper cameron corp,1207006,unknown,CAM,False
10876997,F8K,0000950153-06-001734,2006-06-29,,,0,unknown,950153,unknown,,False
2464286,F4,0001225208-10-009724,2010-04-05,2010-04-01,,64040,s&p global inc.,1225208,unknown,X0303,False
6640877,F4,0001127602-18-011294,2018-03-13,2018-03-12,,1670541,adient plc,1127602,restricted stock systems inc,ADNT,True
7766764,F4,0001225208-15-013143,2015-06-02,2015-05-29,,51253,international flavors & fragrances inc,1225208,unknown,IFF,False
7891034,F4,0000899243-20-032515,2020-12-02,2020-12-01,,1284812,"cohen & steers, inc.",899243,donnelley financial solutions 06/fa,CNS,False
3733667,F4,0001140859-07-000014,2007-02-20,2007-02-15,,1191508,collis steven h,1140859,"cencora, inc.",ABC,True
9880517,F8K,0001830197-22-000059,2022-06-01,,,0,unknown,1830197,home point capital inc.,,True
84885,F4,0000058492-07-000118,2007-04-02,2007-03-30,,1297911,downes joseph d jr,58492,leggett & platt inc,LEG,True
8023616,F4,0000313927-07-000258,2007-07-03,2007-06-29,,1180436,nowell lionel l iii,313927,church & dwight co inc /de/,CHD,True
4035135,F4,0001493152-20-021180,2020-11-12,2020-11-10,,315545,zamage digital imaging inc,1493152,unknown,PVCT,False
3773272,F4,0001179110-18-001921,2018-02-09,,,1547638,"southcross energy partners, l.p.",1179110,unknown,SXE,False
8807414,F4,0001181431-09-051128,2009-11-12,2009-11-10,,887568,zoll medical corporation,1181431,unknown,X0303,False
3274776,F4,0001225208-11-020879,2011-08-29,2011-08-25,,31462,ecolab inc.,1225208,unknown,X0304,False
2847766,F4,0001415889-13-000221,2013-02-12,2013-02-08,,941685,imageware systems inc,1415889,"sec connect, llc",IWSY,True
2851059,F4,0001225208-16-040676,2016-10-21,2016-10-19,,898293,jabil inc,1225208,unknown,JBL,False
1523173,F4,0001461220-09-000001,2009-04-06,2009-03-31,,819913,hallmark financial services inc,1461220,detroit stoker co,X0303,True
1900498,F4,0001179110-17-013258,2017-10-11,2017-10-10,,1366246,glu mobile inc,1179110,unknown,GLUU,False
3308070,F4,0001127602-13-018659,2013-05-29,2013-05-24,,1065865,stilwell financial inc,1127602,restricted stock systems inc,JNS,True
8991752,F4,0001181431-14-010815,2014-03-04,2014-03-01,,1410471,"ipc the hospitalist company, inc.",1181431,unknown,IPCM,False
10864748,F8K,0001193125-11-207984,2011-08-03,,,0,unknown,1193125,unknown,,False
8455355,F4,0001209191-14-029002,2014-04-24,2014-04-23,,1289505,"qc holdings, inc.",1209191,unknown,QCCO,False
6751892,F4,0001311050-11-000016,2011-03-01,2011-02-27,,1010552,polycom inc,1311050,unknown,X0303,False
11316129,F10Q,0001165527-12-000838,2012-08-13,,,0,unknown,1165527,unknown,,False
9394901,F8K,0001193125-20-135563,2020-05-07,,,0,unknown,1193125,unknown,,False
11340587,F10Q,0001558370-20-013256,2020-11-09,,,0,unknown,1558370,unknown,,False
6428853,F4,0001567619-19-010180,2019-05-08,2019-05-06,,783324,vista gold corp,1567619,unknown,VGZ,False
11435510,F10Q,0000912908-04-000109,2004-11-10,,,0,unknown,912908,foamex international inc.,,True
7863317,F4,0000899243-23-011743,2023-04-26,2023-04-19,,1826600,"montauk renewables, inc.",899243,donnelley financial solutions 06/fa,X0407,False
9118063,F4,0001320688-06-000003,2006-11-01,,,1282437,blaisdell john a,1320688,"salient private access tei fund, l.p.",,True
6635938,F4,0001079973-20-000437,2020-05-19,2020-05-17,,1293818,opgen inc,1079973,unknown,OPGN,False
7302209,F4,0001181431-14-025281,2014-06-30,2014-06-26,,866374,flextronics international ltd.,1181431,unknown,FLEX,False
7465794,F4,0001104659-04-000129,2004-01-05,2004-01-01,,880115,clayton williams energy inc /de,1104659,toppan merrill/fa,X0201,False
10525856,F8K,0001144204-08-070965,2008-12-24,,,0,unknown,1144204,unknown,,False
11589796,F10Q,0001679082-22-000032,2022-01-26,,,0,unknown,1679082,myovant sciences ltd.,,True
3653037,F4,0001140361-12-002128,2012-01-12,2012-01-11,,949870,boston beer co inc,1140361,edgarfilings ltd,X0304,True
10482557,F8K,0001193125-07-226045,2007-10-26,,,0,unknown,1193125,unknown,,False
7855564,F4,0001209191-22-007303,2022-02-04,2022-02-02,,1043277,"c. h. robinson worldwide, inc.",1209191,unknown,CHRW,False
73510,F4,0001181431-14-021184,2014-05-23,,,732834,"continental resources, inc",1181431,unknown,CLR,False
6738234,F4,0001645277-16-000006,2016-07-06,2016-07-01,,10456,baxter international inc,1645277,vibert paul,BAX,False
10839100,F8K,0001758766-23-000076,2023-05-04,,,0,unknown,1758766,"stem, inc.",,True
6191993,F4,0001127602-13-033426,2013-12-03,2013-11-29,,894671,ohio valley banc corp,1127602,restricted stock systems inc,OVBC,True
11191561,F10K,0001144204-09-052916,2009-10-14,,,0,unknown,1144204,unknown,,False
6212118,F4,0001702684-25-000009,2025-08-20,2025-08-18,,732712,verizon communications inc,1702684,vestberg hans erik,X0508,False
3890505,F4,0001209191-18-004720,2018-01-22,2018-01-09,,1669162,"kinsale capital group, inc.",1209191,unknown,KNSL,False
59376,F4,0001209191-21-028392,2021-04-26,2021-04-23,,1540184,"medallia, inc.",1209191,unknown,MDLA,False
10980555,F8K,0001362310-09-004201,2009-03-23,,,0,unknown,1362310,unknown,,False
10988136,F8K,0001035704-07-000445,2007-05-30,,,0,unknown,1035704,unknown,,False
8529125,F4,0001213900-24-015328,2024-02-20,2023-08-22,,1527728,renovaro inc.,1213900,unknown,X0508,False
8377602,F4,0001209191-13-025905,2013-05-13,2013-05-09,,1428669,"solarwinds, inc.",1209191,unknown,SWI,False
8081984,F4,0001179110-06-011705,2006-05-23,2006-05-22,,820096,perrigo co,1179110,unknown,PRGO,False
1159652,F4,0000050725-24-000149,2024-11-13,2024-11-12,,1690552,durborow w. christopher,50725,instrument systems corp /de/,X0508,True
8176162,F4,0000058492-25-000526,2025-09-22,2025-09-19,,1876463,hagale james tyson,58492,leggett & platt inc,X0508,True
5900384,F4,0001181431-04-044957,2004-09-27,2004-09-23,,719483,synbiotics corp,1181431,unknown,SBIO,False
9166006,F4,0001399554-08-000005,2008-09-18,2008-09-17,,719152,medar inc,1399554,becker jeffery jay,X0303,False
8056055,F4,0000097216-13-000052,2013-03-01,2013-02-27,,1567134,fearon matthew,97216,terex corp,TEX,True
2598844,F4,0001140361-17-007635,2017-02-15,2016-12-01,,1268533,tortoise energy infrastructure corp,1140361,edgarfilings ltd,TYG,True
5936862,F4,0001628280-24-026440,2024-06-03,2024-05-28,,1637873,acv auctions inc.,1628280,unknown,X0508,False
10896594,F8K,0001144204-11-057030,2011-10-11,,,0,unknown,1144204,unknown,,False
7677602,F4,0001243794-08-000013,2008-04-03,2008-04-01,,705671,omega financial corp /pa/,1243794,koval donita r,OMEF,False
2029667,F4,0001209191-11-060801,2011-12-12,2011-12-09,,1080099,informatica llc,1209191,unknown,X0304,False
10173322,F8K,0001078782-04-000118,2004-05-07,,,0,unknown,1078782,unknown,,False
2539544,F4,0001127602-20-015435,2020-05-05,2020-05-01,,18255,cato corp,1127602,restricted stock systems inc,CATO,True
7269146,F4,0001450299-13-000003,2013-07-31,2013-07-30,,728249,interphase corp,1450299,solomon yoram,INPH,False
6463693,F4,0001187907-04-000068,2004-04-19,2004-04-15,,712770,one liberty properties inc,1187907,brinberg simeon,X0201,False
5699800,F4,0000875657-14-000028,2014-08-18,2014-08-15,,1490211,anderson steven mark,875657,ultralife corp,ULBI,True
1032170,F4,0001144204-08-068592,2008-12-10,2008-12-09,,949394,eye care international inc,1144204,unknown,X0303,False
1199753,F4,0001620863-21-000055,2021-11-03,2021-11-01,,356171,trico bancshares /,1620863,unknown,TCBK,False
6777715,F4,0000950103-22-015148,2022-09-01,2022-08-30,,1275014,"ultra clean holdings, inc.",950103,unknown,UCTT,False
4076898,F4,0001181431-04-046984,2004-10-06,2004-10-04,,1272547,sps spinco inc,1181431,unknown,FSL,False
8019096,F4,0001181431-11-058928,2011-12-06,2011-12-02,,1338749,potlatchdeltic corp,1181431,unknown,X0304,False
