,Form_Type,Accession_Number,Date_Filed,Transaction_Date,Event_Date,Issuer_CIK,Official_Issuer_Name,Reporting_Owner_CIK,Official_Reporting_Owner_Name,Ticker,Is_Institutional
8768072,F4,0000827054-20-000241,2020-08-25,2020-08-24,,1452681,bjornholt james eric,827054,microchip technology inc,MCHP,True
2895211,F4,0001140361-10-010131,2010-03-04,2010-03-02,,73020,northwest natural gas co,1140361,edgarfilings ltd,X0303,True
6220039,F4,0001246360-18-002471,2018-11-05,2018-11-01,,40211,gatx corp,1246360,morse elizabeth myers,GATX,False
10509592,F8K,0001193125-22-095256,2022-04-05,2022-03-29,,0,unknown,1193125,unknown,,False
3511056,F4,0001040593-17-000048,2017-03-21,2017-03-17,,1617609,conaway gregory f,1040593,carrizo oil & gas inc,CRZO,True
9777779,F8K,0001213900-24-078824,2024-09-16,,,0,unknown,1213900,unknown,,False
10228819,F8K,0001144204-10-018695,2010-04-06,,,0,unknown,1144204,unknown,,False
6545250,F4,0001209191-12-027158,2012-05-09,2012-05-07,,1443669,proto labs inc,1209191,unknown,X0305,False
10238484,F8K,0001104659-06-007846,2006-02-10,,,0,unknown,1104659,toppan merrill/fa,,False
2651656,F4,0001181431-09-028345,2009-06-02,2009-05-29,,1289505,"qc holdings, inc.",1181431,unknown,X0303,False
10571869,F8K,0000080661-22-000075,2022-09-15,,,0,unknown,80661,progressive corp/oh/,,True
7503532,F4,0001019687-12-002890,2012-08-20,,,1092492,miracom industries inc,1019687,unknown,AXST,False
3769065,F4,0001209191-23-029963,2023-05-16,2023-05-12,,1092699,sps commerce inc,1209191,unknown,X0407,False
1535838,F4,0000927089-19-000469,2019-12-13,2019-12-11,,1094810,mutualfirst financial inc,927089,unknown,MFSF,False
5246658,F4,0001181431-05-043392,2005-08-01,,,24545,molson coors brewing co,1181431,unknown,,False
3668138,F4,0000860413-20-000156,2020-06-02,2020-06-01,,1361935,scott jonathan r,860413,first interstate bancsystem of montana inc,FIBK,True
7479110,F4,0001209191-11-030603,2011-05-24,2011-05-23,,355627,cti group holdings inc,1209191,unknown,X0303,False
1416665,F4,0001225208-12-017156,2012-08-02,2012-08-01,,52827,rayonier inc,1225208,unknown,RYN,False
6723364,F4,0001127602-14-014438,2014-04-10,2014-04-09,,203527,varian medical systems inc,1127602,restricted stock systems inc,VAR,True
5766421,F4,0000896841-21-000059,2021-03-18,2021-03-17,,1669103,gayron kenneth l,896841,"avid technology, inc.",AVID,True
10684463,F8K,0001193125-18-238556,2018-08-03,,,0,unknown,1193125,unknown,,False
11477361,F10Q,0001193125-18-148696,2018-05-02,,,0,unknown,1193125,unknown,,False
5216854,F4,0001219628-06-000002,2006-01-20,,,899597,buckeye technologies inc,1219628,horne paul n,BKI,False
937657,F4,0000950142-12-000265,2012-02-09,2012-02-07,,1297989,"exlservice holdings, inc.",950142,unknown,X0304,False
527073,F4,0001140361-19-012648,2019-07-09,2019-07-05,,810136,photronics inc,1140361,edgarfilings ltd,PLAB,True
5330010,F4,0001209191-19-038877,2019-06-25,2019-06-21,,1414932,oaktree specialty lending corp,1209191,unknown,OCSL,False
1269656,F4,0001288469-21-000150,2021-05-26,2021-05-24,,1642366,lougheed james,1288469,"maxlinear, inc",MXL,True
6329299,F4,0001029199-18-000076,2018-08-30,2018-08-29,,1253709,weller rick,1029199,"euronet worldwide, inc.",EEFT,True
3909196,F4,0001217747-05-000018,2005-02-16,2005-02-14,,1026650,premier research worldwide ltd,1217747,pagliaccetti anna marie,ERES,False
11210507,F10Q,0001104659-05-039948,2005-08-16,,,0,unknown,1104659,toppan merrill/fa,,False
10926975,F8K,0001299933-08-005463,2008-11-20,,,0,unknown,1299933,unknown,,False
2903064,F4,0001209191-09-014258,2009-03-05,2009-03-03,,1058623,cumulus media inc,1209191,unknown,X0303,False
5820290,F4,0001179110-07-019050,2007-10-01,2007-09-30,,47580,hilton hotels corp,1179110,unknown,HLT,False
10578944,F8K,0001437749-20-025290,2020-12-14,2020-12-08,,0,unknown,1437749,unknown,,False
11351155,F10Q,0001104659-07-088035,2007-12-10,,,0,unknown,1104659,toppan merrill/fa,,False
4661321,F4,0001246360-20-001451,2020-06-24,2020-06-22,,1540184,"medallia, inc.",1246360,morse elizabeth myers,MDLA,False
7812939,F4,0001267216-20-000004,2020-09-28,2020-09-24,,87802,scientific industries inc,1267216,cremonese joseph g,,False
3022574,F4,0001437749-15-011049,2015-05-26,2015-05-21,,861842,cathay general bancorp,1437749,unknown,CATY,False
10205874,F8K,0000095552-13-000006,2013-03-01,,,0,unknown,95552,superior industries international inc,,True
10688111,F8K,0001822523-25-000007,2025-05-02,,,0,unknown,1822523,"afc gamma, inc.",,True
6495172,F4,0000790715-06-000010,2006-01-19,2006-01-17,,937884,nguyen julien,790715,sigma designs inc,CA,True
8685263,F4,0001067956-04-000007,2004-10-14,2004-10-12,,1070698,"torreypines therapeutics, inc.",1067956,hausman marvin s md,AXYX,False
6852857,F4,0001181431-06-014348,2006-02-27,2006-02-24,,1102643,usi holdings corp,1181431,unknown,USIH,False
5592654,F4,0001127602-23-024667,2023-09-22,2023-09-20,,885639,kohls corporation,1127602,restricted stock systems inc,X0508,True
528730,F4,0001104659-19-002735,2019-01-22,2019-01-18,,1649904,"rhythm pharmaceuticals, inc.",1104659,toppan merrill/fa,RYTM,False
5503215,F4,0001179110-10-010070,2010-06-08,2010-06-04,,1121702,"yield10 bioscience, inc.",1179110,unknown,X0303,False
2003623,F4,0001209191-16-096910,2016-02-09,2016-02-05,,768899,"trueblue, inc.",1209191,unknown,TBI,False
3769582,F4,0001127602-13-033698,2013-12-04,2013-12-02,,1145197,insulet corp,1127602,restricted stock systems inc,PODD,True
327185,F4,0001205522-04-000002,2004-03-03,2004-03-01,,1072367,house of brussels chocolates inc,1205522,petersen grant,X0201,False
1717158,F4,0001628280-24-001566,2024-01-17,2024-01-16,,1214816,axis capital holdings ltd,1628280,unknown,X0508,False
1864084,F4,0001140361-16-068804,2016-06-06,2016-06-02,,1543418,trilogy metals inc.,1140361,edgarfilings ltd,NCQ,True
5625517,F4,0001401535-09-000001,2009-10-13,2009-10-12,,810829,stratamerica corp,1401535,adelstein mitch,X0303,False
4237359,F4,0001237123-08-000005,2008-08-29,2008-08-28,,1005409,dime community bancshares inc,1237123,pucella michael,X0303,False
403730,F4,0001758730-24-000064,2024-03-19,2024-03-15,,1771647,pluta thomas,1758730,tradeweb markets inc.,X0508,True
4499234,F4,0001130464-06-000296,2006-08-03,2006-08-02,,1194282,jorgensen kay s,1130464,black hills holding corp,BKH,True
2968331,F4,0001341066-15-000004,2015-01-16,2015-01-15,,1331745,"tal international group, inc.",1341066,pearlin marc,NY,False
5306565,F4,0001209191-13-044992,2013-09-20,2013-09-19,,944809,"opko health, inc.",1209191,unknown,OPK,False
10355431,F8K,0001157523-05-004797,2005-05-16,,,0,unknown,1157523,unknown,,False
2314666,F4,0001133796-06-000064,2006-03-20,2006-03-16,,46619,heico corp,1133796,unknown,MIAMI,False
5243389,F4,0001225208-16-023583,2016-01-05,2015-12-31,,19617,jpmorgan chase & co,1225208,unknown,JPM,False
10881200,F8K,0000950123-10-004961,2010-01-26,,,0,unknown,950123,unknown,,False
1711850,F4,0001209191-23-033750,2023-06-02,2023-06-01,,1042046,american financial group inc,1209191,unknown,X0407,False
5649755,F4,0001209191-11-039382,2011-07-13,2011-07-11,,23217,conagra inc /de/,1209191,unknown,X0303,False
7279050,F4,0001209191-08-036316,2008-06-10,2008-06-06,,1358071,conco resources inc,1209191,unknown,CXO,False
9132161,F4,0001209191-03-004978,2003-05-20,,,1251995,pardo felix,1209191,unknown,,False
2117798,F4,0000101984-24-000190,2024-12-17,2024-12-13,,1216546,chahil satjiv s,101984,universal electronics inc,X0508,True
9680089,F8K,0001013462-23-000054,2023-11-01,,,0,unknown,1013462,ansys inc,,True
2834835,F4,0001328319-14-000049,2014-06-04,2014-06-03,,1058299,lionbridge technologies inc /de/,1328319,unknown,LIOX,False
1323446,F4,0000028412-24-000308,2024-08-26,2024-08-23,,1675626,moore christine m,28412,comerica inc /new/,X0508,True
3754083,F4,0001410519-07-000011,2007-09-11,2007-09-07,,16732,campbell's co,1410519,unknown,CPB,False
6212716,F4,0001256725-06-000006,2006-08-02,2006-08-01,,1145731,nbo systems inc,1256725,foley christopher,,False
9174100,F4,0001181431-10-042463,2010-08-18,2010-08-17,,1308547,"dolby laboratories, inc.",1181431,unknown,X0303,False
11146210,F10K,0000950135-07-001620,2007-03-14,,,0,unknown,950135,unknown,,False
6867494,F4,0000882796-06-000029,2006-05-18,2006-05-17,,1208906,higgins john l,882796,biocryst pharmaceuticals inc,BCRX,True
6212993,F4,0001271688-13-000003,2013-11-06,2013-11-05,,1057689,"caplease, inc.",1271688,mcdowell paul h,LSE,False
4948251,F4,0001307748-24-000076,2024-07-29,2024-07-26,,1749530,david christy lynn,1307748,inventrust properties corp.,X0508,True
10668342,F8K,0001398432-09-000383,2009-10-07,,,0,unknown,1398432,unknown,,False
5664997,F4,0001209191-07-046611,2007-08-07,2007-08-06,,1203866,pharmion corp,1209191,unknown,PHRM,False
4863856,F4,0000814585-09-000016,2009-03-06,2009-03-05,,1237574,hamilton douglas c,814585,mbia inc,X0303,True
6580025,F4,0001209191-13-011990,2013-02-27,2013-02-25,,1262976,vistaprint n.v.,1209191,unknown,VPRT,False
1881139,F4,0001415889-20-000792,2020-03-17,2020-03-15,,714395,"german american bancorp, inc.",1415889,"sec connect, llc",GABC,True
1017545,F4,0001209191-17-026269,2017-04-07,2017-04-05,,1353283,splunk inc,1209191,unknown,SPLK,False
9801139,F8K,0001125282-04-002289,2004-05-17,,,0,unknown,1125282,unknown,,False
6907046,F4,0001209191-23-049927,2023-09-19,2023-09-15,,1952073,"msge spinco, inc.",1209191,unknown,X0508,False
2834970,F4,0001209191-12-011715,2012-02-21,2012-02-16,,1027884,chicago bridge & iron co n v,1209191,unknown,X0304,False
174589,F4,0000840467-08-000093,2008-03-11,2008-03-07,,1204361,kelley willam n,840467,beckman instruments inc,BEC,True
8345484,F4,0001209191-13-039984,2013-08-08,2013-08-06,,1286225,"realpage, inc.",1209191,unknown,RP,False
7737479,F4,0001209191-21-032264,2021-05-13,2021-05-10,,906345,camden property trust,1209191,unknown,CPT,False
11537468,F10Q,0001096906-13-000482,2013-04-05,,,0,unknown,1096906,unknown,,False
1233078,F4,0001437749-19-017104,2019-08-19,2019-08-16,,1358356,"porter bancorp, inc.",1437749,unknown,LMST,False
3328187,F4,0001209191-17-001586,2017-01-04,2017-01-03,,791915,cypress semiconductor corp /de/,1209191,unknown,CY,False
8898605,F4,0001181431-11-018976,2011-03-18,2010-07-28,,1102541,www holdings inc,1181431,unknown,X0303,False
5217526,F4,0001106372-08-000056,2008-05-20,2008-05-19,,922204,rf monolithics inc /de/,1106372,unknown,,False
5495375,F4,0001257503-10-000027,2010-04-20,,,80035,preformed line products co,1257503,graef eric r,X0303,False
6074077,F4,0001359841-14-000170,2014-12-11,2014-12-09,,1425747,upchurch w howard jr,1359841,hanesbrands inc.,HBI,True
624518,F4,0001228616-08-000104,2008-11-25,2008-11-17,,759866,john hancock income securities trust,1228616,unknown,X0303,False
9350089,F8K,0001375063-08-000050,2008-11-24,,,0,unknown,1375063,synthesis energy systems inc,,True
4689660,F4,0001140361-11-029240,2011-05-23,2011-05-20,,949870,boston beer co inc,1140361,edgarfilings ltd,X0303,True
7196142,F4,0001126975-09-000010,2009-02-12,2009-02-10,,1187049,wellendorf don r,1126975,williams energy partners l p,X0303,True
7077710,F4,0000892712-12-000477,2012-09-18,2012-09-15,,885639,kohls corporation,892712,unknown,KSS,False
10915720,F8K,0000936340-18-000099,2018-03-19,,,0,unknown,936340,dte holdings inc,,True
2146572,F4,0000091767-05-000178,2005-08-03,2005-08-01,,1196252,cecil allan v,91767,sonoco products co,SON,True
8298855,F4,0001322851-17-000007,2017-02-24,2017-02-22,,832101,idex corp /de/,1322851,helmkamp katrina l,IEX,False
374095,F4,0001000623-12-000050,2012-02-22,2012-02-20,,1399705,fievez michel,1000623,schweitzer mauduit international inc,X0304,True
11659423,F10Q,0000950123-10-064604,2010-07-09,,,0,unknown,950123,unknown,,False
7242721,F4,0001214659-23-012062,2023-09-05,2023-08-31,,1898496,"vector holding, llc",1214659,unknown,X0508,False
498402,F4,0001724670-19-000069,2019-06-13,2019-06-11,,1742613,tammy heller m,1724670,ultra sc inc.,PRSP,True
6657889,F4,0001127602-09-022925,2009-11-18,,,828916,weingarten realty investors /tx/,1127602,restricted stock systems inc,X0303,True
6564278,F4,0001214659-19-007589,2019-12-05,2019-12-03,,1076682,spinrocket com inc,1214659,unknown,PTE,False
10838035,F8K,0001299933-05-001789,2005-04-19,,,0,unknown,1299933,unknown,,False
6769812,F4,0000874015-10-000013,2010-07-01,,,1073387,bennett c frank,874015,isis pharmaceuticals inc,X0303,True
1052113,F4,0001225208-14-010166,2014-04-04,2014-04-02,,26172,cummins inc,1225208,unknown,CMI,False
10355531,F8K,0001193125-12-051090,2012-02-10,,,0,unknown,1193125,unknown,,False
4118925,F4,0001209191-10-032074,2010-06-03,2010-06-01,,1040593,carrizo oil & gas inc,1209191,unknown,X0303,False
4594784,F4,0001111768-08-000003,2008-12-12,2008-12-11,,751978,vicor corp,1111768,riddiford david t,X0303,False
10709582,F8K,0001331451-17-000176,2017-11-30,,,0,unknown,1331451,federal home loan bank of chicago,,False
10901615,F8K,0001558370-20-008273,2020-07-21,,,0,unknown,1558370,unknown,,False
2365427,F4,0001567619-22-007996,2022-04-04,,,910108,lxp industrial trust,1567619,unknown,LXP,False
3554051,F4,0001280263-23-000033,2023-06-09,2023-06-08,,1882831,ju chi-hong,1280263,ambarella inc,X0407,True
5983377,F4,0001140361-10-036973,2010-09-13,2010-09-10,,949157,century aluminum co,1140361,edgarfilings ltd,X0303,True
9409616,F8K,0000067215-20-000039,2020-06-08,,,0,unknown,67215,dycom industries inc,,True
11177254,F10K,0000950144-09-002145,2009-03-13,,,0,unknown,950144,unknown,,False
2646628,F4,0001104659-24-069821,2024-06-07,2024-06-06,,1711933,"akoya biosciences, inc.",1104659,toppan merrill/fa,X0508,False
8284100,F4,0001510281-20-000006,2020-01-08,2020-01-06,,1058239,western asset high income fund ii inc.,1510281,"saba capital management, l.p.",HIX,True
10615881,F8K,0001193125-07-195259,2007-09-05,,,0,unknown,1193125,unknown,,False
8209936,F4,0000740260-05-000044,2005-01-27,2005-01-25,,1195500,crocker douglass ii,740260,"ventas, inc.",VTR,True
567675,F4,0001193287-06-000002,2006-05-17,,,835324,"stock yards bancorp, inc.",1193287,brooks david h,SYBT,False
2708722,F4,0000059558-08-000080,2008-08-05,2008-08-04,,1309344,crawford frederick john,59558,lincoln national corp et al,X0303,True
757346,F4,0001179110-05-009602,2005-05-12,2005-05-10,,1130713,"overstock.com, inc",1179110,unknown,OSTK,False
7893608,F4,0001520006-21-000067,2021-03-12,2021-03-10,,1540655,foran joseph wm,1520006,matador resources co,MTDR,True
1753591,F4,0001127602-18-037422,2018-12-27,2018-12-24,,1173514,nmhg holding co,1127602,restricted stock systems inc,HY,True
789519,F4,0001116679-06-001988,2006-08-18,2006-08-16,,1061630,capital trust inc,1116679,unknown,CT,False
8657933,F4,0000932334-06-000017,2006-06-29,2006-06-27,,945489,california bell industries inc,932334,newcastle partners l p,BI,True
9746836,F8K,0001104659-12-012350,2012-02-24,,,0,unknown,1104659,toppan merrill/fa,,False
6834370,F4,0001062993-25-002411,2025-02-14,2025-02-07,,63754,mccormick & co inc,1062993,unknown,X0508,False
3682368,F4,0001225208-14-012371,2014-05-07,,,8670,automatic data processing inc,1225208,unknown,ADP,False
1149285,F4,0001225208-16-025613,2016-02-03,2016-02-01,,936468,lockheed martin corp,1225208,unknown,LMT,False
5792129,F4,0001169940-04-000001,2004-01-30,2004-01-28,,706015,filenet corp,1169940,zihlmann franz x,X0201,False
7099805,F4,0000950138-11-000235,2011-04-13,2011-04-12,,1326380,gsc holdings corp.,950138,unknown,X0303,False
7493985,F4,0000899243-21-039894,2021-10-12,2021-10-07,,1615346,landmark infrastructure partners lp,899243,donnelley financial solutions 06/fa,LMRK,False
11623129,F10Q,0000950123-09-063080,2009-11-16,,,0,unknown,950123,unknown,,False
596268,F4,0001144204-06-011855,2006-03-28,2005-12-14,,885534,"statsure diagnostic systems, inc.",1144204,unknown,SSUR,False
345543,F4,0000950170-25-090863,2025-06-27,2025-06-25,,1653482,gitlab inc.,950170,unknown,X0508,False
6717559,F4,0001094093-06-000212,2006-05-11,2006-05-10,,1159471,deloach harris e jr,1094093,progress energy inc,PGN,True
3891597,F4,0001181431-12-059382,2012-11-19,2012-11-15,,105319,"ww international, inc.",1181431,unknown,WTW,False
2014652,F4,0001230276-13-000145,2013-10-02,2013-10-01,,1532594,fleming-wood simon,1230276,savage beast technologies inc,P,True
3008122,F4,0001162956-20-000002,2020-06-04,2020-06-02,,926617,"vermillion, inc.",1162956,lafrance james t,VRML,False
6234742,F4,0001520649-14-000028,2014-04-17,2014-04-15,,1475274,"whaleshark media, inc.",1520649,unknown,SALE,False
1295272,F4,0001209191-23-007841,2023-02-08,2023-02-06,,1571949,"intercontinentalexchange group, inc.",1209191,unknown,ICE,False
11160371,F10K,0001462418-19-000009,2019-02-26,,,0,unknown,1462418,altisource portfolio solutions s.a.r.l.,,False
2522979,F4,0001209191-10-038386,2010-07-14,2010-06-15,,1396440,main street capital corp,1209191,unknown,X0303,False
8335596,F4,0001209191-06-055539,2006-10-23,2006-10-19,,909832,price/costco inc,1209191,unknown,COST,False
10767954,F8K,0001437749-17-016841,2017-10-05,,,0,unknown,1437749,unknown,,False
8249977,F4,0001723596-23-000070,2023-02-14,2023-02-10,,1946197,rickert matthew william,1723596,"columbia financial, inc.",CLBK,True
10071809,F8K,0001267130-12-000044,2012-05-15,,,0,unknown,1267130,cabelas inc,,True
2361913,F4,0000784199-15-000096,2015-04-02,2015-04-01,,1540065,holloway jean f,784199,cryolife inc,CRY,True
848766,F4,0001209191-13-018710,2013-03-28,2013-03-27,,944809,"opko health, inc.",1209191,unknown,OPK,False
2361260,F4,0001144204-06-017396,2006-04-28,,,1017491,"seelos therapeutics, inc.",1144204,unknown,NEXM,False
9759327,F8K,0001437749-19-025009,2019-12-30,,,0,unknown,1437749,unknown,,False
10166394,F8K,0001213900-21-023729,2021-04-30,,,0,unknown,1213900,unknown,,False
2368167,F4,0001004878-12-000315,2012-09-25,2012-09-24,,1413507,synergy resources corp,1004878,unknown,SYRG,False
2209358,F4,0001221206-05-000002,2005-04-28,2005-04-26,,913885,triquint semiconductor inc,1221206,waseem azhar,TQNT,False
447693,F4,0001209191-14-072874,2014-12-03,2014-12-01,,1452751,nimble storage inc,1209191,unknown,NMBL,False
1157472,F4,0001140361-13-030500,2013-08-06,2013-08-05,,1044435,"p10 industries, inc.",1140361,edgarfilings ltd,ACPW,True
9849067,F8K,0001104659-05-048247,2005-10-12,,,0,unknown,1104659,toppan merrill/fa,,False
3734294,F4,0001209191-23-058117,2023-12-11,2023-12-07,,1519751,"fortune brands innovations, inc.",1209191,unknown,X0508,False
967409,F4,0001059243-03-000071,2003-07-10,,,880280,blackrock north american government income trust inc,1059243,gabbay henry,X0101,False
8107504,F4,0000914190-15-000339,2015-08-19,2015-08-17,,1180145,replidyne inc,914190,unknown,CSII,False
8353393,F4,0000921895-14-000992,2014-05-02,2014-05-01,,1452857,webfinancial l.p.,921895,olshan grundman frome & rosenzweig,SPLP,False
3944620,F4,0000930413-15-000032,2015-01-05,2014-12-31,,1606909,quartet holdco ltd.,930413,unknown,PANL,False
5496426,F4,0001225208-10-024710,2010-11-10,2010-11-09,,3453,"matson, inc.",1225208,unknown,X0303,False
7562300,F4,0001104657-17-000152,2017-09-07,2017-09-05,,1629963,kelley joseph p,1104657,materion corp,MTRN,True
1565703,F4,0000079879-24-000115,2024-05-01,2024-04-30,,1669058,knavish timothy m,79879,ppg industries inc,X0508,True
1600494,F4,0001179124-17-000007,2017-01-31,2017-01-27,,860489,future germany fund inc,1179124,"dws investment management americas, inc",CEE,True
1440701,F4,0001140361-14-011453,2014-03-06,2014-03-04,,1069996,fednat holding co,1140361,edgarfilings ltd,FNHC,True
10571057,F8K,0000950135-06-001566,2006-03-14,,,0,unknown,950135,unknown,,False
3814002,F4,0001353316-06-000028,2006-10-04,2006-09-29,,1310817,aldabra acquisition corp,1353316,"hound partners, llc",NY,True
11025053,F10K,0001056404-08-001166,2008-03-31,,,0,unknown,1056404,norwest asset sec corp mort ps thr cert ser 1998-1 trust,,True
6640371,F4,0001127602-20-015379,2020-05-05,2020-05-04,,84246,rli corp,1127602,restricted stock systems inc,RLI,True
818308,F4,0001240151-16-000127,2016-03-30,2016-03-28,,850209,woolworth corporation,1240151,unknown,FL,False
7628221,F4,0000715579-19-000031,2019-06-20,2019-06-14,,1710848,herring todd l,715579,acnb corp,ACNB,True
8940248,F4,0001002135-17-000069,2017-09-14,2017-09-12,,1450239,wood cary b,1002135,westell technologies inc,WSTL,True
8585245,F4,0001209191-07-001574,2007-01-04,2006-12-29,,914713,mills corp,1209191,unknown,MLS,False
1006416,F4,0001518715-24-000012,2024-01-04,2024-01-01,,1594287,michel john,1518715,mechanics bancorp,X0508,True
8162546,F4,0001192482-12-000042,2012-02-01,2012-01-31,,1328792,techprecision corp,1192482,pepper hamilton ilp,X0304,False
8140763,F4,0001209191-21-050703,2021-08-10,,,1789832,hess midstream lp,1209191,unknown,HESM,False
7971813,F4,0001209191-03-025889,2003-10-17,,,0,unknown,1209191,unknown,,False
8470068,F4,0001567619-22-006137,2022-03-02,2022-02-28,,797468,occidental petroleum corp /de/,1567619,unknown,OXY,False
5562385,F4,0000921895-07-002186,2007-09-20,2007-09-18,,14637,brown & sharpe manufacturing co /de/,921895,olshan grundman frome & rosenzweig,NY,False
1081408,F4,0001209191-23-030765,2023-05-18,2023-05-16,,1462120,"live oak bancshares, inc.",1209191,unknown,X0407,False
4995793,F4,0001005477-07-006748,2007-11-02,,,354963,shenandoah telecommunications co/va/,1005477,unknown,SHEN,False
3566388,F4,0001179110-07-023086,2007-12-10,2007-12-06,,837173,walter industries inc/new/,1179110,unknown,WLT,False
6514413,F4,0001225208-14-009943,2014-04-03,2014-04-01,,51548,international speedway corp,1225208,unknown,FL,False
6305812,F4,0000026058-16-000137,2016-11-14,2016-11-10,,1223693,johnson william s,26058,cts corp,CTS,True
4068362,F4,0001398889-13-000059,2013-02-27,2013-02-26,,4904,american electric power company inc,1398889,unknown,AEP,False
1586998,F4,0001225450-05-000009,2005-03-24,2005-03-23,,1108185,occam networks inc/de,1225450,unknown,CA,False
9148623,F4,0001229850-04-000002,2004-01-28,2004-01-27,,752195,community bancshares inc /de/,1229850,debter glynn,X0201,False
5392304,F4,0001181431-12-017967,2012-03-16,2012-03-14,,98222,tidewater inc,1181431,unknown,X0304,False
1011455,F4,0001127602-21-018943,2021-06-03,2021-06-01,,1177394,td synnex corp,1127602,restricted stock systems inc,SNX,True
7255583,F4,0001088342-18-000060,2018-05-03,2018-05-01,,23111,computer task group inc,1088342,radetich peter p,CTG,False
8281695,F4,0000723125-10-000044,2010-04-01,,,1222896,foster ronald c,723125,micron technology inc,X0303,True
10658831,F8K,0001171843-17-007517,2017-12-07,,,0,unknown,1171843,unknown,,False
4793168,F4,0000003133-06-000037,2006-04-05,2006-04-03,,1219896,mayer w charles iii,3133,amsouth bancorporation,ASO,False
631242,F4,0001209191-18-004603,2018-01-19,2018-01-17,,1437107,"warner bros. discovery, inc.",1209191,unknown,DISCA,False
5923070,F4,0001397187-12-000015,2012-03-12,2012-03-08,,1407029,wilson dennis j.,1397187,lululemon corp.,X0304,True
10522373,F8K,0001072613-03-000190,2003-02-10,,,0,unknown,1072613,unknown,,False
6342698,F4,0001104659-13-014508,2013-02-26,2013-02-23,,837173,walter industries inc/new/,1104659,toppan merrill/fa,WLT,False
6145167,F4,0001144204-15-051115,2015-08-20,2015-08-18,,1579252,quinpario acquisition corp.,1144204,unknown,JASN,False
4226717,F4,0001225425-04-000004,2004-01-14,,,726990,united security bancorporation,1225425,taylor p mike,X0201,False
9986986,F8K,0001564590-17-018277,2017-09-05,,,0,unknown,1564590,unknown,,False
2101851,F4,0000950170-25-052535,2025-04-09,2025-04-07,,1235468,liquidity services inc,950170,unknown,X0508,False
5303762,F4,0001104659-15-034857,2015-05-06,2015-05-04,,1179060,"enlink midstream partners, lp",1104659,toppan merrill/fa,ENLK,False
1766615,F4,0001127602-08-010111,2008-11-25,2008-11-21,,1399768,"metavante technologies, inc.",1127602,restricted stock systems inc,X0303,True
3611504,F4,0001520649-14-000073,2014-07-24,2014-07-22,,1475274,"whaleshark media, inc.",1520649,unknown,SALE,False
5027516,F4,0000950103-17-005361,2017-06-02,2017-06-01,,1339048,"western refining, inc.",950103,unknown,WNR,False
3027859,F4,0001072613-14-000211,2014-04-10,2014-04-09,,1065078,"network-1 technologies, inc.",1072613,unknown,NY,False
1990622,F4,0001127602-18-018294,2018-05-21,2018-05-17,,318833,team inc,1127602,restricted stock systems inc,TISI,True
2196303,F4,0001140361-05-002984,2005-04-20,2005-04-18,,1051118,tenfold corp /ut,1140361,edgarfilings ltd,TENF,True
2919358,F4,0000899243-18-025516,2018-09-28,2018-09-26,,1592016,boulevard acquisition corp.,899243,donnelley financial solutions 06/fa,AGFS,False
5956825,F4,0000899243-23-002476,2023-01-24,2023-01-22,,1823239,"maravai lifesciences holdings, inc.",899243,donnelley financial solutions 06/fa,MRVI,False
10240523,F8K,0001657853-25-000095,2025-08-07,,,0,unknown,1657853,"hertz rental car holding company, inc.",,True
2324376,F4,0001209191-06-050111,2006-09-14,,,1286043,kite realty group trust,1209191,unknown,KRG,False
8782524,F4,0001181431-14-032020,2014-09-16,2014-09-15,,718937,staar surgical company,1181431,unknown,STAA,False
8747432,F4,0001248726-05-000082,2005-06-15,2005-06-14,,1089503,community bancorp inc,1248726,mills leonard bruce jr,CMBC,False
11125552,F10K,0001096906-19-000117,2019-03-29,,,0,unknown,1096906,unknown,,False
708670,F4,0001209191-22-045221,2022-08-10,2022-08-08,,1276520,genworth financial inc,1209191,unknown,GNW,False
4248093,F4,0001209191-23-025696,2023-04-26,2023-04-24,,860730,hca-the healthcare co,1209191,unknown,X0407,False
3965210,F4,0001722482-20-000058,2020-02-25,2020-02-21,,1776065,wondrasch michael,1722482,vail holdco corp,AVTR,True
4465137,F4,0000101829-04-000253,2004-11-12,2004-11-10,,1184179,popoff frank p,101829,united technologies corp /de/,UTX,True
7374669,F4,0001140361-13-002366,2013-01-17,2013-01-15,,1361937,harvest oil & gas corp.,1140361,edgarfilings ltd,EVEP,True
3054358,F4,0001282520-06-000010,2006-05-22,2006-05-18,,39135,friendly ice cream corp,1282520,pastore gregory a,IL,False
4302526,F4,0001127602-19-022164,2019-06-19,2019-06-17,,746515,expeditors international of washington inc,1127602,restricted stock systems inc,EXPD,True
2514062,F4,0000919574-10-006957,2010-12-09,2010-12-07,,5272,"american international group, inc.",919574,seward & kissel llp,X0303,False
6148380,F4,0001209191-14-017948,2014-03-06,2014-03-04,,1237831,globus medical inc,1209191,unknown,GMED,False
2510450,F4,0000891106-03-000034,2003-12-19,,,0,unknown,891106,sterling financial corp /wa/,,True
7497394,F4,0001628280-23-039039,2023-11-14,2023-11-10,,1665300,stellar acquisition iii inc.,1628280,unknown,X0508,False
6814709,F4,0001339796-11-000002,2011-11-01,2011-10-28,,854701,integrated silicon solution inc,1339796,han chang chaio,X0304,False
6349214,F4,0001181431-14-025875,2014-07-02,2014-06-30,,1310067,sears holdings corp,1181431,unknown,SHLD,False
1757498,F4,0001246991-04-000089,2004-05-14,2004-05-12,,1043121,boston properties ltd partnership,1246991,unknown,,False
2146318,F4,0001209191-21-065524,2021-11-18,2021-11-17,,94845,levi strauss & co,1209191,unknown,LEVI,False
5143815,F4,0001199719-22-000030,2022-04-13,2022-04-12,,883241,synopsys inc,1199719,unknown,SNPS,False
119754,F4,0001225208-10-008982,2010-03-29,2010-03-25,,912728,landair services inc,1225208,unknown,X0303,False
3896391,F4,0000316312-04-000088,2004-09-10,,,1229604,tokioka lionel y,316312,central pacific financial corp.,CBBI,True
4487526,F4,0001225208-18-004312,2018-02-27,2018-02-23,,39368,fuller h b co,1225208,unknown,FUL,False
5896060,F4,0001225208-20-004435,2020-03-05,2020-03-04,,795403,watts water technologies inc,1225208,unknown,WTS,False
939867,F4,0001144204-10-011641,2010-03-04,2010-03-02,,1003130,lca vision inc,1144204,unknown,X0303,False
5456455,F4,0001403622-09-000004,2009-02-20,2009-02-03,,1004155,southern co gas,1403622,cleveland ralph,X0303,False
9697990,F8K,0000225648-20-000034,2020-03-11,,,0,unknown,225648,danielson holding corp,,True
3434197,F4,0001127602-13-028337,2013-10-02,2013-10-01,,935703,"dollar tree, inc.",1127602,restricted stock systems inc,DLTR,True
6310591,F4,0001518715-24-000188,2024-11-26,,,1529623,evans godfrey b,1518715,mechanics bancorp,X0508,True
11621515,F10Q,0000036047-20-000059,2020-11-04,,,0,unknown,36047,first american financial corp,,True
1148316,F4,0001104659-09-034334,2009-05-21,2009-05-19,,1130258,acme packet inc,1104659,toppan merrill/fa,X0303,False
437084,F4,0000099780-24-000098,2024-05-22,2024-05-20,,1116073,echols leldon e,99780,trinity industries inc,X0508,True
8215196,F4,0001181431-07-057672,2007-09-17,2007-09-13,,1061322,global crossing ltd,1181431,unknown,GLBC,False
4986837,F4,0001225208-22-012810,2022-12-15,2022-12-13,,720005,raymond james financial inc,1225208,unknown,RJF,False
5581402,F4,0001209191-22-043899,2022-08-02,2022-07-29,,1435049,"chinook therapeutics, inc.",1209191,unknown,KDNY,False
3756949,F4,0001144204-18-000503,2018-01-03,2018-01-01,,1273441,"gran tierra energy, inc.",1144204,unknown,GTE,False
8848816,F4,0001360949-11-000005,2011-05-23,2011-05-16,,714395,"german american bancorp, inc.",1360949,forbes richard e,X0303,False
8565618,F4,0001127602-19-018204,2019-05-10,2019-05-08,,944148,republic environmental systems inc,1127602,restricted stock systems inc,CBZ,True
2766695,F4,0001345076-06-000014,2006-10-05,2006-06-22,,1138932,"wentworth energy, inc.",1345076,"glen wallace, cga, inc.",WNWG,True
6126190,F4,0001062993-24-003480,2024-02-16,2024-02-15,,753308,nextera energy inc,1062993,unknown,X0508,False
1720620,F4,0001209191-23-054042,2023-11-01,2023-10-30,,708818,"quality systems, inc",1209191,unknown,X0508,False
10500147,F8K,0001193125-03-007393,2003-05-30,,,0,unknown,1193125,unknown,,False
2882824,F4,0001575571-14-000169,2014-11-10,2014-11-06,,1447294,schmaeling richard j,1575571,lin media llc,LIN,True
757037,F4,0000054480-19-000241,2019-12-10,2019-12-09,,1362958,ottensmeyer patrick j,54480,kansas city southern industries inc,KSU,True
6240771,F4,0001211583-07-000053,2007-05-17,2007-05-15,,1398383,bussandri claudio f,1211583,fennec pharmaceuticals inc.,NC,True
7504334,F4,0001209191-18-023419,2018-04-04,2018-04-02,,922224,ppl corp,1209191,unknown,PPL,False
9736597,F8K,0000083402-16-000051,2016-05-05,,,0,unknown,83402,"resource america, inc.",,True
6543045,F4,0001209191-21-013621,2021-02-24,2021-02-19,,1135185,atlas air worldwide holdings inc,1209191,unknown,AAWW,False
6422755,F4,0000950117-04-003298,2004-09-15,2004-09-14,,1019272,integrated technology usa inc,950117,unknown,ERS,False
9574290,F8K,0001144204-11-064896,2011-11-15,,,0,unknown,1144204,unknown,,False
3655539,F4,0001517650-16-000284,2016-12-02,2016-12-01,,1649703,vukovits ashley a.,1517650,"interactive intelligence group, inc.",ININ,True
5928612,F4,0001179110-12-003121,2012-02-21,2012-02-16,,315293,aon plc,1179110,unknown,X0304,False
7701308,F4,0001019687-07-003783,2007-11-06,2007-11-05,,918027,hi shear technology corp,1019687,unknown,HSR,False
4146485,F4,0001181431-08-029767,2008-05-08,2008-05-06,,896159,chubb ltd,1181431,unknown,ACE,False
7362555,F4,0001209191-15-060461,2015-07-10,2015-07-08,,1096752,energizer holdings inc,1209191,unknown,EPC,False
5755343,F4,0001209191-20-048626,2020-08-28,2020-08-26,,1639225,"livongo health, inc.",1209191,unknown,LVGO,False
6080727,F4,0001567619-21-014682,2021-08-09,2021-08-05,,1754226,"orange county bancorp, inc. /de/",1567619,unknown,OBT,False
4525162,F4,0001209191-05-000305,2005-01-03,2004-12-15,,1042561,corixa corp,1209191,unknown,CRXA,False
3277637,F4,0001209191-16-144221,2016-10-04,2016-10-03,,1355754,instructure inc,1209191,unknown,INST,False
11215421,F10Q,0001414964-14-000011,2014-08-11,,,0,unknown,1414964,resource real estate investors 6 lp,,True
9710854,F8K,0001104659-16-157592,2016-11-16,,,0,unknown,1104659,toppan merrill/fa,,False
3444660,F4,0000873044-14-000006,2014-01-03,2014-01-01,,1215069,tobkin vincent h,873044,radisys corp,RSYS,True
10662850,F8K,0001818502-24-000004,2024-03-07,,,0,unknown,1818502,oppfi inc.,,True
3385820,F4,0001209191-15-069673,2015-09-04,2015-09-02,,1393052,verticals ondemand inc,1209191,unknown,VEEV,False
7970886,F4,0001209191-19-053488,2019-10-17,2019-10-15,,1490892,coresite realty corp,1209191,unknown,COR,False
5405968,F4,0000009984-23-000169,2023-09-06,2023-09-01,,1847536,hovorka lukas,9984,barnes group inc,X0508,True
4485281,F4,0001023731-14-000036,2014-08-27,2014-08-25,,1366920,weirich daniel,1023731,netergy networks inc,EGHT,True
3530659,F4,0001690820-22-000193,2022-06-03,2022-06-01,,1700542,keeton ryan s.,1690820,carvana co.,CVNA,True
6363037,F4,0001562180-24-005022,2024-06-12,2024-06-10,,1710072,"edgewise therapeutics, inc.",1562180,solium capital inc,X0508,True
2044176,F4,0000906465-20-000032,2020-03-04,2020-03-02,,1751553,nichols dana l,906465,quad city holdings inc,QCRH,True
3494221,F4,0001654954-21-007698,2021-07-07,2021-07-06,,1040470,aehr test systems,1654954,unknown,AEHR,False
2759784,F4,0001209191-16-111552,2016-04-01,2016-03-31,,1276520,genworth financial inc,1209191,unknown,GNW,False
10049786,F8K,0001564590-20-003884,2020-02-07,,,0,unknown,1564590,unknown,,False
5414470,F4,0001225208-15-017647,2015-08-27,2015-08-25,,1418121,"apple reit nine, inc.",1225208,unknown,APLE,False
3603731,F4,0001209191-05-059873,2005-11-28,2005-11-23,,870228,synergy brands inc,1209191,unknown,SYBR,False
9808807,F8K,0001015923-07-000034,2007-11-07,,,0,unknown,1015923,optimal robotics corp,,True
1527788,F4,0000926044-09-000245,2009-03-06,2009-03-05,,778972,firstbank corp,926044,varnum riddering schmidt & howlett/fa,X0303,False
2648903,F4,0001628280-22-007437,2022-03-28,2022-03-24,,1701758,lovesac co,1628280,unknown,LOVE,False
10354608,F8K,0001213900-21-067638,2021-12-28,2021-12-27,,0,unknown,1213900,unknown,,False
4155052,F4,0001031794-07-000011,2007-10-02,2007-09-28,,60751,lubrizol corp,1031794,farmer forest j sr,LZ,False
6123424,F4,0001261333-24-000048,2024-04-03,2024-04-01,,1657309,thygesen allan c.,1261333,"docusign, inc.",X0508,True
9731914,F8K,0001193125-17-030835,2017-02-03,,,0,unknown,1193125,unknown,,False
7844650,F4,0001209191-19-044321,2019-08-02,2019-07-31,,730708,seacoast banking corp of florida,1209191,unknown,SBCF,False
1800044,F4,0001595585-21-000077,2021-06-11,2021-06-10,,1206977,falberg kathryn e,1595585,"tricida, inc.",TCDA,True
6238461,F4,0001122904-18-000229,2018-07-25,2018-07-24,,1256282,falcon michael f,1122904,"netgear, inc.",NTGR,True
11242755,F10Q,0000897101-12-000779,2012-05-14,,,0,unknown,897101,unknown,,False
6509083,F4,0001868941-23-000033,2023-03-21,2023-03-19,,1205068,bulls herman e,1868941,"fluence energy, inc.",X0407,True
10097328,F8K,0000353230-15-000027,2015-06-05,,,0,unknown,353230,omnicare inc,,True
10130969,F8K,0001104659-08-024781,2008-04-16,,,0,unknown,1104659,toppan merrill/fa,,False
1272830,F4,0001364856-13-000021,2013-03-13,,,1365378,patterson elizabeth t,1364856,"monarch financial holdings, inc.",MNRK,True
397758,F4,0001209191-20-062799,2020-12-10,2020-12-09,,1532346,"atreca, inc.",1209191,unknown,BCEL,False
2501691,F4,0000021344-06-000118,2006-12-19,2006-12-15,,1180520,black cathleen,21344,coca cola co,(KO),True
9231253,F8K,0001133421-16-000079,2016-04-27,,,0,unknown,1133421,northrop grumman corp /de/,,True
6398390,F4,0001687953-18-000011,2018-05-09,2018-05-08,,51253,international flavors & fragrances inc,1687953,winder investment pte ltd,IFF,True
8237824,F4,0001333732-21-000001,2021-07-12,2021-07-08,,786035,liberty all star growth fund inc.,1333732,usifer maureen k,ASG,False
3736007,F4,0001209191-10-033166,2010-06-09,2010-06-08,,1294538,"great wolf resorts, inc.",1209191,unknown,X0303,False
1322432,F4,0001068800-05-000011,2005-01-04,2005-01-03,,772891,engineered support systems inc,1068800,unknown,EASI,False
2859426,F4,0000916863-07-000042,2007-02-02,2007-01-31,,1198441,kemerling james l,916863,wps resources corp,WPS,True
9971969,F8K,0001104659-23-113398,2023-11-01,2023-10-31,,0,unknown,1104659,toppan merrill/fa,,False
4034787,F4,0001140361-21-035827,2021-10-28,2021-10-26,,1865187,"solaris water, inc.",1140361,edgarfilings ltd,ARIS,True
3597340,F4,0001209191-06-039337,2006-07-05,2006-06-30,,1260828,rio vista energy partners lp,1209191,unknown,RVEP,False
3213989,F4,0001556313-17-000010,2017-05-26,2017-05-24,,352825,foster l b co,1556313,vizi bradley,FSTR,False
3547396,F4,0001181431-09-056403,2009-12-14,2009-12-10,,1364100,"cal dive international, inc.",1181431,unknown,X0303,False
2773382,F4,0001179110-07-019225,2007-10-02,2007-09-30,,891103,usa networks inc,1179110,unknown,IACI,False
6627128,F4,0001266375-07-000080,2007-12-10,2007-12-06,,835887,progenics pharmaceuticals inc,1266375,unknown,PGNX,False
3964080,F4,0001225208-13-010053,2013-04-17,2013-04-15,,78003,pfizer inc,1225208,unknown,PFE,False
6160654,F4,0001820721-24-000055,2024-08-06,2024-08-02,,1575072,collins terrance l,1820721,"ati intermediate holdings, llc",X0508,True
5531453,F4,0001256246-04-000015,2004-04-05,,,921365,merix corp,1256246,unknown,X0201,False
6360992,F4,0001140361-08-013768,2008-05-28,2008-05-23,,923118,home properties of ny,1140361,edgarfilings ltd,HME,True
5253544,F4,0001315135-08-000005,2008-11-24,2008-11-12,,1022671,steel dynamics inc,1315135,heasley gary e,X0303,False
11675715,F10Q,0000805022-18-000022,2018-11-02,,,0,unknown,805022,"buckeye partners, l.p.",,True
5616821,F4,0000097216-18-000178,2018-11-13,2018-11-09,,1140111,barr kevin a,97216,terex corp,TEX,True
3622484,F4,0001104659-20-082730,2020-07-10,2020-07-09,,1533615,"scoop media, inc.",1104659,toppan merrill/fa,GMRE,False
7476872,F4,0001493225-15-000102,2015-11-05,,,1586204,patafio frank p.,1493225,"northfield bancorp, inc.",NFBK,True
4689908,F4,0001104659-22-094091,2022-08-24,2022-08-22,,1332551,resource capital corp.,1104659,toppan merrill/fa,ACR,False
3732878,F4,0000943034-19-000031,2019-12-17,2019-12-13,,1068025,lidsky paul f,943034,image sensing systems inc,,True
8761968,F4,0001104659-25-010105,2025-02-06,2025-02-04,,81362,quaker chemical corp,1104659,toppan merrill/fa,X0508,False
3281717,F4,0001144204-05-002275,2005-01-25,2005-01-18,,881468,spatialight inc,1144204,unknown,HDTV,False
8397649,F4,0000904454-07-000361,2007-05-22,2007-05-18,,918251,motorcar parts of america inc,904454,unknown,MPAA,False
1768465,F4,0001179110-11-000270,2011-01-04,2011-01-01,,1437557,universal holdings inc,1179110,unknown,X0303,False
4671857,F4,0001562180-21-001206,2021-02-17,2021-02-14,,1318220,"waste connections, inc.",1562180,solium capital inc,WCN,True
3399078,F4,0001182489-07-000113,2007-02-02,2007-02-01,,920760,pacific greystone corp /de/,1182489,unknown,MIAMI,False
6308437,F4,0001396677-11-000014,2011-04-11,2011-04-07,,1050007,nutraceutical international corp,1396677,seelos andrew w,X0303,False
11107612,F10K,0001560327-24-000021,2024-02-26,,,0,unknown,1560327,"rapid7, inc.",,True
5875844,F4,0001073416-03-000008,2003-02-27,,,23230,concept services,1073416,unknown,,False
10440340,F8K,0000927417-14-000020,2014-05-08,,,0,unknown,927417,polymer group inc,,True
1930466,F4,0001005477-03-001936,2003-06-25,2003-06-24,,706864,merrimac industries inc,1005477,unknown,X0101,False
5188226,F4,0001104659-06-014477,2006-03-07,2006-03-03,,1166220,"lyris, inc.",1104659,toppan merrill/fa,,False
11662038,F10Q,0001213900-19-023848,2019-11-18,,,0,unknown,1213900,unknown,,False
3201580,F4,0001441844-11-000013,2011-04-05,2011-04-01,,835887,progenics pharmaceuticals inc,1441844,unknown,X0303,False
4738475,F4,0001209191-18-042549,2018-07-13,2018-07-11,,783412,daily journal corp,1209191,unknown,DJCO,False
8156003,F4,0001181431-07-008416,2007-02-05,2007-02-01,,1090403,healthextras inc,1181431,unknown,HLEX,False
3283047,F4,0001237226-03-000001,2003-08-15,2003-08-13,,1001902,intevac inc,1237226,hempstead robert d,X0201,False
9934323,F8K,0001193125-25-298160,2025-11-26,,,0,unknown,1193125,unknown,,False
3563912,F4,0001232524-18-000119,2018-07-17,2018-07-13,,1236514,miller michael patrick,1232524,jazz pharmaceuticals plc,JAZZ,True
9205128,F8K,0001104659-24-026303,2024-02-22,,,0,unknown,1104659,toppan merrill/fa,,False
6764142,F4,0000893750-18-000018,2018-02-21,2018-02-17,,937098,"trinet group, inc.",893750,unknown,TNET,False
5610202,F4,0001182489-14-000068,2014-01-29,2014-01-27,,891014,minerals technologies inc,1182489,unknown,MTX,False
10653400,F8K,0001104659-12-057846,2012-08-14,,,0,unknown,1104659,toppan merrill/fa,,False
3233533,F4,0001562180-19-001576,2019-03-04,,,876437,mgic investment corp,1562180,solium capital inc,MTG,True
9645444,F8K,0001157523-22-001638,2022-11-16,,,0,unknown,1157523,unknown,,False
9749614,F8K,0000832428-14-000060,2014-08-08,,,0,unknown,832428,scripps e w co /de,,True
5101797,F4,0001181431-13-000771,2013-01-03,2012-12-31,,1039065,osi systems inc,1181431,unknown,OSIS,False
429112,F4,0001209191-06-050213,2006-09-15,2006-09-13,,352510,north fork bancorporation inc,1209191,unknown,NFB,False
6934729,F4,0000775662-07-000032,2007-01-26,2007-01-25,,1225221,oneill harry j iii,775662,vist financial corp,FLPB,True
11053148,F10K,0001193125-16-503634,2016-03-14,,,0,unknown,1193125,unknown,,False
5408655,F4,0001209191-10-034293,2010-06-15,2010-06-11,,722256,hudson valley holding corp,1209191,unknown,X0303,False
5667105,F4,0001084961-22-000065,2022-06-02,2022-06-01,,1254769,srednicki richard j,1084961,mcm capital group inc,ECPG,True
3023206,F4,0000771950-03-000022,2003-05-29,2003-05-28,,1199427,miles george l jr,771950,westwood one inc /de/,WON,True
1287056,F4,0001179929-18-000035,2018-02-16,2018-02-15,,1246680,fedak charles z,1179929,"molina healthcare, inc.",MOH,True
10188049,F8K,0000898822-03-001271,2003-12-19,,,0,unknown,898822,unknown,,False
8791226,F4,0001181431-04-050231,2004-11-02,2004-11-01,,72020,nicor inc,1181431,unknown,GAS,False
524731,F4,0001666138-22-000162,2022-11-23,2022-11-21,,1825727,pregenzer john w,1666138,atkore international group inc.,ATKR,True
5874418,F4,0001140361-09-009321,2009-04-09,2009-04-08,,759153,particle drilling technologies inc/nv,1140361,edgarfilings ltd,X0303,True
6015159,F4,0001109189-18-000016,2018-02-12,2018-02-08,,1544000,poldrack lanny trampas,1109189,sierra well service inc,BAS,True
9603253,F8K,0001193125-07-089151,2007-04-25,,,0,unknown,1193125,unknown,,False
9737747,F8K,0000004515-08-000040,2008-05-16,,,0,unknown,4515,"american airlines, inc.",,True
10985884,F8K,0001299933-06-007057,2006-11-01,,,0,unknown,1299933,unknown,,False
10160558,F8K,0001181431-05-068954,2005-12-27,,,0,unknown,1181431,unknown,,False
3360611,F4,0001415889-25-001038,2025-01-07,,,1370053,"anaptysbio, inc",1415889,"sec connect, llc",X0508,True
10886977,F8K,0001178913-13-000598,2013-03-06,,,0,unknown,1178913,unknown,,False
2387941,F4,0000078003-07-000259,2007-10-02,2007-09-28,,1033870,steere william c jr,78003,pfizer inc,PFE,True
6205038,F4,0001225208-08-008599,2008-05-15,2008-05-14,,51548,international speedway corp,1225208,unknown,RENO,False
2267238,F4,0001415889-25-016759,2025-06-11,2025-06-09,,1863127,"tyra biosciences, inc.",1415889,"sec connect, llc",X0508,True
1613496,F4,0001089063-23-000140,2023-10-05,2023-10-03,,1772409,gupta navdeep,1089063,dicks sporting goods inc,X0508,True
4765338,F4,0000950142-05-001680,2005-06-02,2005-05-31,,1125259,p&o princess cruises plc,950142,unknown,CUK,False
6621674,F4,0001062993-24-011537,2024-05-31,2024-05-30,,927653,mckesson hboc inc,1062993,unknown,X0508,False
3960672,F4,0000907471-21-000050,2021-03-16,2021-03-12,,1789109,sharett anthony m.,907471,"pathward financial, inc.",CASH,True
6719632,F4,0001104659-14-061476,2014-08-15,2014-08-10,,1324404,"cf industries holdings, inc.",1104659,toppan merrill/fa,CF,False
11648810,F10Q,0001104659-11-058474,2011-10-27,,,0,unknown,1104659,toppan merrill/fa,,False
11489680,F10Q,0000897101-17-000595,2017-05-12,2015-12-31,,0,unknown,897101,unknown,,False
3002558,F4,0001179110-14-007463,2014-05-02,2014-04-30,,320575,south texas drilling & exploration inc,1179110,unknown,PES,False
6076877,F4,0001576021-16-000056,2016-04-22,2016-04-21,,1038074,silicon laboratories inc.,1576021,unknown,SLAB,False
1177620,F4,0001230295-11-000339,2011-12-07,2011-12-05,,904080,talos petroleum llc,1230295,unknown,X0304,False
3650484,F4,0001140361-21-016736,2021-05-10,2021-05-06,,1610950,"syneos health, inc.",1140361,edgarfilings ltd,SYNH,True
8458545,F4,0000042888-11-000024,2011-02-16,2011-02-15,,1190816,van dyke william g,42888,graco inc,X0303,True
6476177,F4,0000024741-07-000423,2007-10-02,2007-09-28,,1206162,ruding h onno,24741,corning inc /ny,GLW,True
6084557,F4,0001140361-18-021546,2018-05-03,2018-05-01,,1705110,"halo topco, inc.",1140361,edgarfilings ltd,ANGI,True
5233979,F4,0000899243-22-023625,2022-06-22,2022-06-20,,1720671,"hashicorp, inc.",899243,donnelley financial solutions 06/fa,HCP,False
2387361,F4,0000052617-07-000157,2007-09-04,2007-08-31,,1160671,kling william h,52617,irwin financial corporation,IFC,True
2110988,F4,0001363150-18-000002,2018-03-05,2018-03-01,,819793,albany international corp /de/,1363150,hansen robert alan,AIN,False
129785,F4,0001140361-11-020136,2011-04-01,2011-03-31,,785024,mid wisconsin financial services inc,1140361,edgarfilings ltd,X0303,True
7143199,F4,0001140361-12-022517,2012-05-02,2012-05-01,,1375247,"obagi medical products, inc.",1140361,edgarfilings ltd,X0305,True
10882844,F8K,0001104659-13-077826,2013-10-25,,,0,unknown,1104659,toppan merrill/fa,,False
802579,F4,0000885590-13-000038,2013-06-03,2013-05-30,,1216078,melas kyriazi theo,885590,"valeant pharmaceuticals international, inc.",VRX,True
8631263,F4,0001628280-18-015103,2018-12-13,2018-12-11,,1411342,ellington financial llc,1628280,unknown,EFC,False
10636077,F8K,0001564590-18-022768,2018-09-06,,,0,unknown,1564590,unknown,,False
7496757,F4,0001476045-18-000042,2018-03-01,2018-02-28,,1191839,craven dennis m,1476045,chatham lodging trust,CLDT,True
611309,F4,0000899243-21-031734,2021-08-05,2021-08-03,,1476150,terreno realty corp,899243,donnelley financial solutions 06/fa,TRNO,False
10765717,F8K,0000950134-08-001284,2008-01-29,,,0,unknown,950134,unknown,,False
10350434,F8K,0001171843-19-000763,2019-02-06,,,0,unknown,1171843,unknown,,False
8359592,F4,0001562180-17-002085,2017-05-30,2017-05-25,,1144519,bungeltd,1562180,solium capital inc,BG,True
9912908,F8K,0001104659-12-072963,2012-11-01,,,0,unknown,1104659,toppan merrill/fa,,False
10081867,F8K,0000950157-15-001207,2015-10-14,,,0,unknown,950157,unknown,,False
6359310,F4,0001144204-06-024020,2006-06-07,2006-06-01,,935066,shells seafood restaurants inc,1144204,unknown,CA,False
4366672,F4,0001209191-21-015637,2021-03-02,2021-03-01,,277135,"w.w. grainger, inc.",1209191,unknown,GWW,False
6062455,F4,0001062993-22-009250,2022-04-01,2022-03-30,,1397187,lululemon corp.,1062993,unknown,LULU,False
11130314,F10K,0001477932-15-001978,2015-03-30,,,0,unknown,1477932,unknown,,False
9345168,F8K,0001080602-13-000020,2013-05-16,,,0,unknown,1080602,stanford management ltd,,True
2231366,F4,0001209191-18-047712,2018-08-21,2018-08-17,,1618673,performance food group co,1209191,unknown,PFGC,False
10337324,F8K,0001193125-08-237417,2008-11-17,,,0,unknown,1193125,unknown,,False
6263355,F4,0001209191-11-002735,2011-01-11,2011-01-10,,1476045,chatham lodging trust,1209191,unknown,X0303,False
1584592,F4,0001209191-18-057969,2018-11-09,2018-11-08,,743316,maxim integrated products inc,1209191,unknown,MXIM,False
9947219,F8K,0001193125-20-004022,2020-01-09,2020-01-08,,0,unknown,1193125,unknown,,False
2884599,F4,0001127602-17-035275,2017-12-20,2017-12-18,,62709,"marsh & mclennan companies, inc.",1127602,restricted stock systems inc,MMC,True
8128570,F4,0001001288-03-000219,2003-08-26,2003-08-25,,1257377,pelini richard a,1001288,lexmark international inc /ky/,X0201,True
8978662,F4,0001127602-14-025188,2014-08-12,2014-08-11,,700565,first-mid illinois bancshares inc,1127602,restricted stock systems inc,FMBH,True
2452431,F4,0001190800-08-000004,2008-07-16,2008-07-14,,1052100,waddell & reed financial inc,1190800,raines james m,X0303,False
11456654,F10Q,0000100517-25-000147,2025-07-17,,,0,unknown,100517,"united continental holdings, inc.",,True
8362237,F4,0001209191-08-019953,2008-03-24,2008-03-20,,1323630,"directed electronics, inc.",1209191,unknown,DEIX,False
816485,F4,0001209191-23-056453,2023-11-22,2023-11-21,,1816017,"spire global, inc.",1209191,unknown,X0508,False
2258393,F4,0001140361-15-040862,2015-11-12,2015-11-09,,1396033,"lumber liquidators, inc.",1140361,edgarfilings ltd,LL,True
2430206,F4,0001179110-10-006389,2010-04-02,2010-03-31,,70415,national patent development corp,1179110,unknown,X0303,False
2567893,F4,0001209191-19-019072,2019-03-13,,,774569,cortland bancorp inc,1209191,unknown,CLDB,False
1760488,F4,0001209191-19-040443,2019-07-02,2019-06-28,,78890,pittston co,1209191,unknown,BCO,False
3837381,F4,0001209191-22-060523,2022-12-09,2022-12-07,,1351636,"soundthinking, inc.",1209191,unknown,SSTI,False
11574949,F10Q,0001104659-13-038950,2013-05-08,,,0,unknown,1104659,toppan merrill/fa,,False
5296370,F4,0001282554-12-000055,2012-10-01,,,277509,federal signal corp /de/,1282554,sherman jennifer l,,False
4235657,F4,0000899243-22-033659,2022-10-14,2022-10-11,,1841761,virgin group acquisition corp. ii,899243,donnelley financial solutions 06/fa,GROV,False
8388198,F4,0001275606-17-000008,2017-04-26,2017-04-24,,936395,ciena corp,1275606,hamilton rick,CIEN,False
8509191,F4,0000712534-15-000016,2015-01-05,2014-12-31,,1518499,lehman gary,712534,first merchants corp,FRME,True
3457003,F4,0001181431-08-022881,2008-04-02,2008-03-31,,8868,avon products inc,1181431,unknown,AVP,False
3947455,F4,0001621832-20-000118,2020-08-10,2020-08-07,,1652660,merrill judd,1621832,"aqua metals, inc.",AQMS,True
606640,F4,0001246360-14-001160,2014-02-18,2014-02-14,,61986,manitowoc co inc,1246360,morse elizabeth myers,MTW,False
5193405,F4,0001248915-17-000029,2017-01-17,2017-01-13,,875357,bok financial corp et al,1248915,ball c fred jr,BOKF,False
7908067,F4,0000899243-20-011914,2020-05-04,2020-04-30,,862692,cryo cell international inc,899243,donnelley financial solutions 06/fa,CCEL,False
10793160,F8K,0001193125-10-283849,2010-12-20,,,0,unknown,1193125,unknown,,False
688701,F4,0001209191-11-007520,2011-02-07,2011-02-03,,1130258,acme packet inc,1209191,unknown,X0303,False
29120,F4,0001181431-08-008325,2008-02-07,2008-02-05,,1102266,"centerstate banks, inc.",1181431,unknown,CSFL,False
3298992,F4,0001209191-14-048664,2014-07-23,2014-07-21,,1510295,marathon petroleum corp,1209191,unknown,MPC,False
11177271,F10K,0000067347-03-000174,2003-06-23,,,0,unknown,67347,modine manufacturing co,,True
6073655,F4,0001846195-21-000001,2021-03-29,,,1160791,gold resource corp,1846195,little ronald,GORO,False
9918777,F8K,0001015923-07-000021,2007-08-07,,,0,unknown,1015923,optimal robotics corp,,True
6271504,F4,0001562180-24-005278,2024-06-24,2024-06-20,,1734722,"uipath, inc.",1562180,solium capital inc,X0508,True
2732810,F4,0001246360-12-001258,2012-02-27,2012-02-24,,61986,manitowoc co inc,1246360,morse elizabeth myers,X0304,False
2688134,F4,0001044321-06-000340,2006-08-11,2006-08-09,,1087277,freeshop com inc,1044321,marxe austin w & greenhouse david m,APTM,False
9573914,F8K,0001193125-04-157502,2004-09-16,,,0,unknown,1193125,unknown,,False
7258550,F4,0001209191-15-036615,2015-04-28,2015-04-24,,1120193,"nasdaq, inc.",1209191,unknown,NDAQ,False
6684987,F4,0000319687-05-000012,2005-01-21,2005-01-19,,1144331,expressjet holdings inc,319687,"united airlines, inc.",XJT,True
7564680,F4,0001209191-13-058650,2013-12-26,2013-12-23,,1174940,oragenics inc,1209191,unknown,OGEN,False
3212862,F4,0000795266-17-000086,2017-10-11,2017-10-09,,1375575,norton thomas f,795266,kb home,KBH,False
8715027,F4,0001179110-07-002693,2007-02-02,2007-01-31,,1292426,gfi group inc.,1179110,unknown,GFIG,False
10336058,F8K,0001181431-10-047926,2010-09-24,,,0,unknown,1181431,unknown,,False
5151878,F4,0001463101-22-000021,2022-03-03,2022-02-21,,1645551,yang mandy,1463101,"enphase energy, inc.",ENPH,True
7888203,F4,0000933141-13-000155,2013-12-30,2013-12-29,,1429629,ardoin elizabeth a,933141,isb financial corp/la,IBKC,True
5065271,F4,0001226825-07-000002,2007-02-23,2007-02-22,,787075,first financial holdings inc /de/,1226825,sharples darreld kent,FFCH,False
2882274,F4,0001181431-12-001096,2012-01-04,2012-01-01,,1272830,vonage holdings corp,1181431,unknown,X0304,False
10501426,F8K,0001387131-11-001156,2011-07-01,,,0,unknown,1387131,"quality edgar solutions, llc",,True
10963304,F8K,0001493152-21-005898,2021-03-12,,,0,unknown,1493152,unknown,,False
1958421,F4,0001140361-05-008947,2005-11-03,2005-10-12,,49444,family room entertainment corp,1140361,edgarfilings ltd,FMLY,True
5904901,F4,0001104659-07-017146,2007-03-07,2007-03-05,,1022974,dgi resolution inc,1104659,toppan merrill/fa,DCGN,False
4137703,F4,0001050441-23-000039,2023-02-15,2023-02-13,,1793120,brockwell matthew d,1050441,eagle bancorp inc,EGBN,True
666307,F4,0001136261-12-000141,2012-03-14,2012-03-13,,1138951,leapfrog enterprises inc,1136261,unknown,X0304,False
6324092,F4,0001209191-10-023556,2010-04-23,2010-04-21,,840889,first financial caribbean corp,1209191,unknown,X0303,False
5349093,F4,0001209191-06-034800,2006-06-06,2006-06-02,,890801,networks associates inc/,1209191,unknown,MFE,False
6331265,F4,0000023197-20-000102,2020-08-11,2020-08-09,,1376161,stallone nancy,23197,comtech telecommunications corp /de/,CMTL,True
5409935,F4,0001214659-14-002475,2014-04-02,2014-03-31,,59558,lincoln national corp et al,1214659,unknown,LNC,False
1246837,F4,0001225208-17-001014,2017-01-11,2017-01-06,,20212,churchill downs inc,1225208,unknown,CHDN,False
6755587,F4,0001060822-25-000122,2025-05-19,2025-05-15,,1930181,anderson rochester jr.,1060822,carters inc,X0508,True
261895,F4,0001209191-22-015679,2022-03-03,2022-03-01,,923796,wackenhut corrections corp,1209191,unknown,GEO,False
5552854,F4,0001357400-19-000015,2019-01-03,2018-12-31,,6769,apache corp,1357400,unknown,APA,False
6079323,F4,0001225208-19-009505,2019-06-21,2019-06-20,,3453,"matson, inc.",1225208,unknown,MATX,False
10513804,F8K,0001144204-11-001175,2011-01-07,,,0,unknown,1144204,unknown,,False
4055479,F4,0001562180-23-000623,2023-01-26,2023-01-24,,1841804,"instructure intermediate holdings i, inc.",1562180,solium capital inc,INST,True
3651432,F4,0001187000-07-000001,2007-01-18,2007-01-17,,1042064,northwest bancorp inc,1187000,ordiway robert a,NWSB,False
424871,F4,0001209191-03-015940,2003-08-07,,,0,unknown,1209191,unknown,,False
9958215,F8K,0001193125-24-107102,2024-04-23,,,0,unknown,1193125,unknown,,False
7834282,F4,0001715268-19-000029,2019-04-25,2019-04-23,,1311018,golub lawrence e,1715268,"golub capital bdc 3, inc.",NONE,True
8538147,F4,0001070081-20-000024,2020-01-27,2020-01-23,,1778279,hill emily luisa,1070081,"ptc therapeutics, inc.",PTCT,True
2547801,F4,0000950103-24-001096,2024-01-24,,,1326801,"meta platforms, inc.",950103,unknown,X0508,False
2222934,F4,0001295401-20-000050,2020-05-21,2020-05-20,,1708363,wechsler ron j,1295401,"bancorp, inc.",TBBK,True
7620508,F4,0001262063-14-000060,2014-05-12,2014-05-08,,861842,cathay general bancorp,1262063,unknown,CATY,False
3975286,F4,0001628280-23-012459,2023-04-21,2023-04-20,,275053,natures sunshine products inc,1628280,unknown,X0407,False
2412839,F4,0001140361-18-001129,2018-01-05,,,77543,tutor perini corp,1140361,edgarfilings ltd,TPC,True
3203785,F4,0000073124-25-000111,2025-02-25,2025-02-21,,2027224,bellows clive,73124,northern trust corp,X0508,True
10820143,F8K,0001104659-07-048337,2007-06-18,,,0,unknown,1104659,toppan merrill/fa,,False
10776242,F8K,0001008886-25-000062,2025-03-14,,,0,unknown,1008886,unknown,,False
6269050,F4,0000040417-12-000060,2012-06-22,,,1317435,priest jeffrey w,40417,general american investors co inc,X0305,True
1693896,F4,0001352505-06-000057,2006-07-07,2006-07-05,,317771,tellabs inc,1352505,unknown,TLAB,False
